order_id,order_date,customer_id,order_status,order_channel,currency,shipping_cost,shipping_country,shipping_state,shipping_city,shipping_postal_code,payment_status
O000001,2024-03-26,C0377,Completed,Web,USD,7.27,US,NJ,Newark,07102,Paid
O000002,2024-03-03,C0016,Shipped,Marketplace,USD,9.72,US,NM,Albuquerque,87102,Paid
O000003,2024-03-11,C0484,Completed,Mobile,USD,6.44,US,CO,Denver,80202,Paid
O000004,2024-01-17,C0148,Completed,Web,USD,7.56,US,CO,Denver,80202,Paid
O000005,2024-02-26,C0149,Completed,Web,USD,7.04,US,CA,Los Angeles,90001,Paid
O000006,2024-04-21,C0193,Completed,Web,USD,6.28,US,TX,Houston,77001,Paid
O000007,2024-06-07,C0066,Processing,Store,USD,2.25,US,OH,Cleveland,44114,Pending
O000008,2024-03-10,C0029,Completed,Web,USD,6.46,US,TX,Houston,77001,Paid
O000009,2024-01-02,C0369,Shipped,Web,USD,6.02,US,NC,Charlotte,28202,Paid
O000010,2024-02-01,C0475,Completed,Marketplace,USD,8.69,US,CO,Denver,80202,Paid
O000011,2024-05-02,C0244,Completed,Web,USD,7.61,US,CO,Denver,80202,Paid
O000012,2024-04-27,C0452,Completed,Web,USD,6.72,US,WA,Seattle,98101,Paid
O000013,2024-04-10,C0473,Cancelled,Mobile,USD,0.0,US,IL,Chicago,60601,Refunded
O000014,2024-04-08,C0373,Cancelled,Web,USD,0.0,US,GA,Atlanta,30303,Refunded
O000015,2024-05-15,C0223,Completed,Web,USD,5.78,US,MA,Boston,02108,Paid
O000016,2024-05-01,C0293,Completed,Mobile,USD,5.69,US,MN,Minneapolis,55401,Paid
O000017,2024-03-15,C0421,Completed,Web,USD,6.67,US,WA,Seattle,98101,Paid
O000018,2024-02-21,C0134,Processing,Web,USD,6.95,US,OR,Portland,97205,Pending
O000019,2024-04-16,C0487,Processing,Mobile,USD,5.89,US,IL,Chicago,60601,Pending
O000020,2024-01-15,C0477,Shipped,Store,USD,5.21,US,NY,New York,10001,Paid
O000021,2024-05-30,C0048,Completed,Mobile,USD,4.82,US,NY,New York,10001,Paid
O000022,2024-02-03,C0150,Completed,Web,USD,5.98,US,NV,Las Vegas,89101,Paid
O000023,2024-06-16,C0445,Completed,Web,USD,6.67,US,FL,Miami,33101,Paid
O000024,2024-05-21,C0157,Completed,Mobile,USD,5.65,US,MA,Boston,02108,Paid
O000025,2024-04-07,C0442,Completed,Web,USD,7.06,US,NV,Las Vegas,89101,Paid
O000026,2024-01-28,C0414,Completed,Mobile,USD,5.94,US,OH,Cleveland,44114,Paid
O000027,2024-03-04,C0044,Completed,Mobile,USD,5.12,US,OH,Cleveland,44114,Paid
O000028,2024-04-28,C0228,Completed,Mobile,USD,6.4,US,NY,New York,10001,Paid
O000029,2024-06-07,C0076,Completed,Mobile,USD,6.67,US,CA,Los Angeles,90001,Paid
O000030,2024-03-01,C0308,Completed,Mobile,USD,5.6,US,TN,Nashville,37201,Paid
O000031,2024-06-04,C0168,Completed,Web,USD,7.45,US,TN,Nashville,37201,Paid
O000032,2024-06-15,C0391,Returned,Marketplace,USD,8.65,US,IL,Chicago,60601,Refunded
O000033,2024-03-02,C0355,Shipped,Marketplace,USD,9.63,US,NJ,Newark,07102,Paid
O000034,2024-03-14,C0408,Completed,Web,USD,8.04,US,OR,Portland,97205,Paid
O000035,2024-04-18,C0463,Completed,Mobile,USD,6.73,US,TN,Nashville,37201,Paid
O000036,2024-04-21,C0380,Shipped,Mobile,USD,6.13,US,CO,Denver,80202,Paid
O000037,2024-01-25,C0484,Completed,Web,USD,6.92,US,FL,Miami,33101,Paid
O000038,2024-01-28,C0311,Shipped,Web,USD,5.75,US,FL,Miami,33101,Paid
O000039,2024-04-26,C0426,Cancelled,Mobile,USD,0.0,US,CO,Denver,80202,Refunded
O000040,2024-02-26,C0382,Completed,Mobile,USD,6.93,US,IL,Chicago,60601,Paid
O000041,2024-05-30,C0071,Processing,Web,USD,6.69,US,NV,Las Vegas,89101,Pending
O000042,2024-01-18,C0223,Completed,Web,USD,6.47,US,NC,Charlotte,28202,Paid
O000043,2024-04-01,C0307,Completed,Web,USD,5.73,US,OH,Cleveland,44114,Paid
O000044,2024-04-11,C0357,Shipped,Mobile,USD,6.83,US,AZ,Phoenix,85001,Paid
O000045,2024-02-26,C0373,Shipped,Web,USD,6.77,US,OR,Portland,97205,Paid
O000046,2024-01-13,C0336,Completed,Mobile,USD,6.07,US,MN,Minneapolis,55401,Paid
O000047,2024-05-04,C0406,Completed,Web,USD,6.72,US,CA,Los Angeles,90001,Paid
O000048,2024-05-18,C0381,Completed,Mobile,USD,6.88,US,AZ,Phoenix,85001,Paid
O000049,2024-01-05,C0196,Shipped,Marketplace,USD,7.84,US,NC,Charlotte,28202,Paid
O000050,2024-06-10,C0074,Completed,Web,USD,7.25,US,IL,Chicago,60601,Paid
O000051,2024-02-23,C0354,Shipped,Mobile,USD,6.79,US,OH,Cleveland,44114,Paid
O000052,2024-01-30,C0225,Processing,Mobile,USD,6.45,US,CA,Los Angeles,90001,Pending
O000053,2024-03-05,C0310,Completed,Marketplace,USD,9.23,US,NC,Charlotte,28202,Paid
O000054,2024-01-25,C0170,Shipped,Mobile,USD,5.68,US,CA,Los Angeles,90001,Paid
O000055,2024-06-08,C0189,Cancelled,Mobile,USD,0.0,US,NV,Las Vegas,89101,Refunded
O000056,2024-02-13,C0108,Shipped,Marketplace,USD,8.55,US,NY,New York,10001,Paid
O000057,2024-03-18,C0168,Shipped,Web,USD,7.58,US,MN,Minneapolis,55401,Paid
O000058,2024-04-03,C0013,Shipped,Web,USD,8.11,US,NJ,Newark,07102,Paid
O000059,2024-06-29,C0357,Completed,Web,USD,5.92,US,WA,Seattle,98101,Paid
O000060,2024-06-05,C0015,Shipped,Web,USD,6.16,US,AZ,Phoenix,85001,Paid
O000061,2024-01-04,C0265,Completed,Mobile,USD,4.96,US,NV,Las Vegas,89101,Paid
O000062,2024-05-09,C0353,Completed,Mobile,USD,5.25,US,GA,Atlanta,30303,Paid
O000063,2024-03-22,C0096,Shipped,Web,USD,6.7,US,NM,Albuquerque,87102,Paid
O000064,2024-05-24,C0072,Completed,Store,USD,4.02,US,OR,Portland,97205,Paid
O000065,2024-06-23,C0331,Completed,Mobile,USD,6.45,US,CO,Denver,80202,Paid
O000066,2024-04-01,C0323,Completed,Mobile,USD,6.63,US,NY,New York,10001,Paid
O000067,2024-06-22,C0248,Completed,Marketplace,USD,7.99,US,NV,Las Vegas,89101,Paid
O000068,2024-05-14,C0483,Returned,Mobile,USD,5.93,US,MA,Boston,02108,Refunded
O000069,2024-01-21,C0158,Completed,Web,USD,6.51,US,PA,Philadelphia,19101,Paid
O000070,2024-02-24,C0358,Shipped,Store,USD,3.97,US,NC,Charlotte,28202,Paid
O000071,2024-06-04,C0114,Shipped,Web,USD,6.38,US,PA,Philadelphia,19101,Paid
O000072,2024-03-07,C0018,Completed,Web,USD,5.39,US,GA,Atlanta,30303,Paid
O000073,2024-06-16,C0249,Completed,Web,USD,7.54,US,NV,Las Vegas,89101,Paid
O000074,2024-01-13,C0223,Completed,Web,USD,7.23,US,NJ,Newark,07102,Paid
O000075,2024-05-16,C0044,Completed,Web,USD,7.7,US,TX,Houston,77001,Paid
O000076,2024-03-27,C0041,Completed,Web,USD,7.01,US,CO,Denver,80202,Paid
O000077,2024-06-25,C0383,Completed,Mobile,USD,6.27,US,PA,Philadelphia,19101,Paid
O000078,2024-06-01,C0326,Completed,Mobile,USD,4.97,US,OR,Portland,97205,Paid
O000079,2024-06-18,C0017,Returned,Mobile,USD,6.36,US,NM,Albuquerque,87102,Refunded
O000080,2024-05-26,C0057,Completed,Web,USD,7.33,US,CO,Denver,80202,Paid
O000081,2024-03-14,C0205,Completed,Web,USD,7.64,US,NY,New York,10001,Paid
O000082,2024-01-24,C0351,Completed,Mobile,USD,7.11,US,TN,Nashville,37201,Paid
O000083,2024-06-13,C0257,Shipped,Store,USD,4.03,US,TX,Houston,77001,Paid
O000084,2024-05-03,C0225,Completed,Web,USD,6.18,US,CA,Los Angeles,90001,Paid
O000085,2024-02-13,C0370,Completed,Web,USD,6.48,US,TN,Nashville,37201,Paid
O000086,2024-03-07,C0359,Completed,Web,USD,6.2,US,NM,Albuquerque,87102,Paid
O000087,2024-06-04,C0076,Processing,Web,USD,6.5,US,CO,Denver,80202,Pending
O000088,2024-02-13,C0461,Shipped,Mobile,USD,6.25,US,TN,Nashville,37201,Paid
O000089,2024-04-27,C0256,Cancelled,Marketplace,USD,0.0,US,NM,Albuquerque,87102,Refunded
O000090,2024-05-13,C0291,Completed,Mobile,USD,5.64,US,FL,Miami,33101,Paid
O000091,2024-02-23,C0032,Completed,Mobile,USD,6.97,US,FL,Miami,33101,Paid
O000092,2024-03-05,C0001,Completed,Mobile,USD,5.61,US,GA,Atlanta,30303,Paid
O000093,2024-05-10,C0164,Completed,Web,USD,7.45,US,NC,Charlotte,28202,Paid
O000094,2024-04-11,C0393,Processing,Mobile,USD,5.95,US,PA,Philadelphia,19101,Pending
O000095,2024-03-26,C0157,Shipped,Web,USD,6.27,US,TN,Nashville,37201,Paid
O000096,2024-04-19,C0165,Completed,Mobile,USD,5.73,US,NV,Las Vegas,89101,Paid
O000097,2024-06-04,C0144,Completed,Web,USD,6.86,US,NM,Albuquerque,87102,Paid
O000098,2024-03-03,C0225,Completed,Mobile,USD,6.02,US,OR,Portland,97205,Paid
O000099,2024-01-06,C0310,Completed,Web,USD,6.84,US,AZ,Phoenix,85001,Paid
O000100,2024-04-29,C0294,Shipped,Mobile,USD,7.1,US,MA,Boston,02108,Paid
O000101,2024-02-27,C0133,Shipped,Web,USD,7.91,US,NM,Albuquerque,87102,Paid
O000102,2024-02-11,C0156,Returned,Web,USD,6.05,US,GA,Atlanta,30303,Refunded
O000103,2024-02-11,C0063,Completed,Mobile,USD,5.76,US,MA,Boston,02108,Paid
O000104,2024-03-31,C0052,Cancelled,Store,USD,0.0,US,TN,Nashville,37201,Refunded
O000105,2024-02-14,C0089,Returned,Mobile,USD,5.28,US,MN,Minneapolis,55401,Refunded
O000106,2024-01-17,C0215,Returned,Mobile,USD,7.45,US,TX,Houston,77001,Refunded
O000107,2024-06-30,C0169,Shipped,Mobile,USD,7.21,US,NJ,Newark,07102,Paid
O000108,2024-01-03,C0166,Completed,Store,USD,3.4,US,NM,Albuquerque,87102,Paid
O000109,2024-03-06,C0096,Shipped,Mobile,USD,6.68,US,OR,Portland,97205,Paid
O000110,2024-05-10,C0204,Completed,Mobile,USD,5.58,US,MA,Boston,02108,Paid
O000111,2024-06-23,C0052,Shipped,Store,USD,2.81,US,PA,Philadelphia,19101,Paid
O000112,2024-02-04,C0165,Completed,Web,USD,6.83,US,CO,Denver,80202,Paid
O000113,2024-03-11,C0116,Processing,Web,USD,6.21,US,AZ,Phoenix,85001,Pending
O000114,2024-04-22,C0339,Shipped,Mobile,USD,7.28,US,CO,Denver,80202,Paid
O000115,2024-06-19,C0124,Shipped,Marketplace,USD,8.76,US,NC,Charlotte,28202,Paid
O000116,2024-06-30,C0400,Completed,Store,USD,4.82,US,NC,Charlotte,28202,Paid
O000117,2024-04-12,C0482,Shipped,Web,USD,6.28,US,GA,Atlanta,30303,Paid
O000118,2024-06-11,C0358,Shipped,Web,USD,7.45,US,WA,Seattle,98101,Paid
O000119,2024-05-07,C0319,Shipped,Web,USD,7.55,US,PA,Philadelphia,19101,Paid
O000120,2024-03-28,C0367,Completed,Web,USD,7.99,US,OH,Cleveland,44114,Paid
O000121,2024-03-03,C0152,Processing,Mobile,USD,6.89,US,NY,New York,10001,Pending
O000122,2024-04-01,C0277,Returned,Web,USD,6.26,US,IL,Chicago,60601,Refunded
O000123,2024-06-15,C0287,Processing,Mobile,USD,5.28,US,CA,Los Angeles,90001,Pending
O000124,2024-02-04,C0392,Completed,Mobile,USD,5.82,US,NV,Las Vegas,89101,Paid
O000125,2024-06-02,C0128,Shipped,Web,USD,7.01,US,PA,Philadelphia,19101,Paid
O000126,2024-03-30,C0117,Completed,Mobile,USD,6.2,US,IL,Chicago,60601,Paid
O000127,2024-03-29,C0500,Processing,Marketplace,USD,9.64,US,TX,Houston,77001,Pending
O000128,2024-05-31,C0093,Completed,Web,USD,7.16,US,MN,Minneapolis,55401,Paid
O000129,2024-04-13,C0407,Completed,Marketplace,USD,9.04,US,CA,Los Angeles,90001,Paid
O000130,2024-04-06,C0223,Completed,Mobile,USD,7.08,US,IL,Chicago,60601,Paid
O000131,2024-02-18,C0198,Returned,Web,USD,7.31,US,TN,Nashville,37201,Refunded
O000132,2024-02-09,C0023,Completed,Mobile,USD,6.16,US,AZ,Phoenix,85001,Paid
O000133,2024-06-18,C0066,Completed,Web,USD,7.14,US,FL,Miami,33101,Paid
O000134,2024-02-21,C0203,Completed,Mobile,USD,5.52,US,IL,Chicago,60601,Paid
O000135,2024-01-11,C0306,Shipped,Web,USD,7.12,US,MN,Minneapolis,55401,Paid
O000136,2024-03-15,C0079,Completed,Web,USD,6.53,US,MN,Minneapolis,55401,Paid
O000137,2024-01-29,C0030,Completed,Mobile,USD,6.08,US,IL,Chicago,60601,Paid
O000138,2024-06-15,C0011,Cancelled,Mobile,USD,0.0,US,NC,Charlotte,28202,Refunded
O000139,2024-03-17,C0413,Completed,Web,USD,6.84,US,AZ,Phoenix,85001,Paid
O000140,2024-05-15,C0371,Completed,Mobile,USD,5.8,US,MA,Boston,02108,Paid
O000141,2024-06-08,C0154,Completed,Web,USD,6.59,US,GA,Atlanta,30303,Paid
O000142,2024-04-15,C0078,Completed,Store,USD,3.75,US,OR,Portland,97205,Paid
O000143,2024-04-01,C0161,Shipped,Marketplace,USD,8.48,US,MA,Boston,02108,Paid
O000144,2024-03-12,C0359,Returned,Mobile,USD,6.72,US,FL,Miami,33101,Refunded
O000145,2024-04-10,C0347,Completed,Marketplace,USD,7.76,US,AZ,Phoenix,85001,Paid
O000146,2024-01-07,C0267,Completed,Web,USD,7.23,US,NC,Charlotte,28202,Paid
O000147,2024-05-26,C0377,Completed,Web,USD,7.03,US,NY,New York,10001,Paid
O000148,2024-02-02,C0012,Completed,Web,USD,6.54,US,TX,Houston,77001,Paid
O000149,2024-03-25,C0324,Completed,Web,USD,6.09,US,TX,Houston,77001,Paid
O000150,2024-05-06,C0363,Completed,Mobile,USD,5.0,US,PA,Philadelphia,19101,Paid
O000151,2024-02-17,C0097,Shipped,Web,USD,6.84,US,OR,Portland,97205,Paid
O000152,2024-06-21,C0041,Completed,Mobile,USD,5.79,US,NJ,Newark,07102,Paid
O000153,2024-05-07,C0190,Shipped,Web,USD,6.23,US,CO,Denver,80202,Paid
O000154,2024-01-07,C0487,Shipped,Web,USD,6.07,US,AZ,Phoenix,85001,Paid
O000155,2024-04-10,C0255,Completed,Marketplace,USD,8.77,US,PA,Philadelphia,19101,Paid
O000156,2024-05-06,C0266,Completed,Web,USD,6.8,US,MA,Boston,02108,Paid
O000157,2024-01-05,C0033,Completed,Web,USD,7.41,US,NJ,Newark,07102,Paid
O000158,2024-01-25,C0262,Shipped,Mobile,USD,5.14,US,NV,Las Vegas,89101,Paid
O000159,2024-01-16,C0435,Completed,Mobile,USD,6.98,US,NC,Charlotte,28202,Paid
O000160,2024-04-06,C0128,Shipped,Store,USD,4.07,US,GA,Atlanta,30303,Paid
O000161,2024-06-04,C0362,Completed,Mobile,USD,6.39,US,NJ,Newark,07102,Paid
O000162,2024-05-25,C0290,Processing,Web,USD,6.09,US,CA,Los Angeles,90001,Pending
O000163,2024-04-15,C0042,Shipped,Mobile,USD,5.78,US,OR,Portland,97205,Paid
O000164,2024-06-14,C0029,Completed,Mobile,USD,5.99,US,OH,Cleveland,44114,Paid
O000165,2024-01-07,C0253,Completed,Web,USD,5.76,US,GA,Atlanta,30303,Paid
O000166,2024-05-17,C0078,Cancelled,Mobile,USD,0.0,US,NY,New York,10001,Refunded
O000167,2024-01-11,C0058,Shipped,Mobile,USD,5.78,US,NV,Las Vegas,89101,Paid
O000168,2024-01-04,C0159,Shipped,Store,USD,4.12,US,MA,Boston,02108,Paid
O000169,2024-01-01,C0453,Completed,Store,USD,4.55,US,NY,New York,10001,Paid
O000170,2024-02-06,C0155,Completed,Marketplace,USD,8.83,US,WA,Seattle,98101,Paid
O000171,2024-01-17,C0111,Shipped,Web,USD,8.18,US,NV,Las Vegas,89101,Paid
O000172,2024-06-28,C0287,Shipped,Mobile,USD,5.42,US,NC,Charlotte,28202,Paid
O000173,2024-06-12,C0165,Completed,Mobile,USD,6.64,US,TN,Nashville,37201,Paid
O000174,2024-01-11,C0456,Completed,Store,USD,2.95,US,OR,Portland,97205,Paid
O000175,2024-01-27,C0267,Completed,Marketplace,USD,8.52,US,NM,Albuquerque,87102,Paid
O000176,2024-06-13,C0328,Completed,Mobile,USD,6.67,US,NJ,Newark,07102,Paid
O000177,2024-01-08,C0009,Completed,Web,USD,5.87,US,CO,Denver,80202,Paid
O000178,2024-02-23,C0192,Completed,Mobile,USD,7.27,US,CO,Denver,80202,Paid
O000179,2024-05-19,C0130,Completed,Mobile,USD,5.65,US,IL,Chicago,60601,Paid
O000180,2024-01-03,C0049,Completed,Mobile,USD,5.43,US,AZ,Phoenix,85001,Paid
O000181,2024-02-11,C0151,Completed,Web,USD,5.54,US,CA,Los Angeles,90001,Paid
O000182,2024-02-16,C0155,Completed,Mobile,USD,6.27,US,FL,Miami,33101,Paid
O000183,2024-01-17,C0035,Completed,Marketplace,USD,8.91,US,IL,Chicago,60601,Paid
O000184,2024-05-23,C0060,Completed,Web,USD,6.53,US,CA,Los Angeles,90001,Paid
O000185,2024-05-02,C0441,Completed,Mobile,USD,7.09,US,MA,Boston,02108,Paid
O000186,2024-04-20,C0031,Processing,Mobile,USD,5.99,US,CA,Los Angeles,90001,Pending
O000187,2024-05-10,C0315,Shipped,Mobile,USD,5.34,US,GA,Atlanta,30303,Paid
O000188,2024-06-15,C0238,Completed,Mobile,USD,5.95,US,OR,Portland,97205,Paid
O000189,2024-06-10,C0129,Cancelled,Store,USD,0.0,US,WA,Seattle,98101,Refunded
O000190,2024-02-05,C0456,Completed,Mobile,USD,6.01,US,CO,Denver,80202,Paid
O000191,2024-03-28,C0276,Completed,Web,USD,5.34,US,AZ,Phoenix,85001,Paid
O000192,2024-03-09,C0102,Returned,Mobile,USD,6.55,US,CA,Los Angeles,90001,Refunded
O000193,2024-05-21,C0476,Processing,Web,USD,7.45,US,TN,Nashville,37201,Pending
O000194,2024-04-14,C0433,Completed,Mobile,USD,6.51,US,FL,Miami,33101,Paid
O000195,2024-02-08,C0227,Processing,Mobile,USD,5.48,US,NV,Las Vegas,89101,Pending
O000196,2024-05-09,C0256,Shipped,Mobile,USD,6.35,US,NV,Las Vegas,89101,Paid
O000197,2024-06-27,C0331,Completed,Store,USD,4.46,US,IL,Chicago,60601,Paid
O000198,2024-01-13,C0187,Completed,Marketplace,USD,8.03,US,FL,Miami,33101,Paid
O000199,2024-04-14,C0118,Completed,Web,USD,5.5,US,CO,Denver,80202,Paid
O000200,2024-01-26,C0035,Shipped,Web,USD,6.32,US,WA,Seattle,98101,Paid
O000201,2024-01-06,C0263,Completed,Web,USD,6.6,US,MN,Minneapolis,55401,Paid
O000202,2024-06-04,C0328,Completed,Web,USD,6.26,US,CA,Los Angeles,90001,Paid
O000203,2024-03-05,C0385,Cancelled,Web,USD,0.0,US,MN,Minneapolis,55401,Refunded
O000204,2024-04-12,C0250,Shipped,Web,USD,6.18,US,NJ,Newark,07102,Paid
O000205,2024-05-11,C0182,Completed,Marketplace,USD,9.3,US,OH,Cleveland,44114,Paid
O000206,2024-04-04,C0146,Shipped,Mobile,USD,6.64,US,CA,Los Angeles,90001,Paid
O000207,2024-01-12,C0022,Completed,Web,USD,7.44,US,CO,Denver,80202,Paid
O000208,2024-04-30,C0436,Completed,Mobile,USD,6.08,US,WA,Seattle,98101,Paid
O000209,2024-05-31,C0027,Shipped,Web,USD,6.79,US,CO,Denver,80202,Paid
O000210,2024-02-11,C0125,Cancelled,Mobile,USD,0.0,US,NC,Charlotte,28202,Refunded
O000211,2024-02-10,C0173,Completed,Store,USD,2.47,US,OR,Portland,97205,Paid
O000212,2024-02-15,C0242,Completed,Marketplace,USD,8.36,US,CA,Los Angeles,90001,Paid
O000213,2024-05-31,C0137,Completed,Mobile,USD,6.33,US,CO,Denver,80202,Paid
O000214,2024-06-16,C0151,Completed,Marketplace,USD,8.4,US,NV,Las Vegas,89101,Paid
O000215,2024-03-02,C0297,Completed,Web,USD,6.82,US,NC,Charlotte,28202,Paid
O000216,2024-06-30,C0402,Completed,Store,USD,5.18,US,OR,Portland,97205,Paid
O000217,2024-06-06,C0410,Completed,Web,USD,7.07,US,TN,Nashville,37201,Paid
O000218,2024-04-26,C0276,Completed,Web,USD,6.1,US,CA,Los Angeles,90001,Paid
O000219,2024-03-08,C0203,Completed,Web,USD,6.82,US,NY,New York,10001,Paid
O000220,2024-05-19,C0091,Completed,Web,USD,6.55,US,MA,Boston,02108,Paid
O000221,2024-02-09,C0040,Processing,Web,USD,6.89,US,TX,Houston,77001,Pending
O000222,2024-06-06,C0343,Shipped,Web,USD,6.06,US,WA,Seattle,98101,Paid
O000223,2024-03-28,C0075,Completed,Mobile,USD,6.4,US,PA,Philadelphia,19101,Paid
O000224,2024-02-28,C0500,Completed,Mobile,USD,6.86,US,NC,Charlotte,28202,Paid
O000225,2024-02-04,C0304,Completed,Marketplace,USD,9.69,US,NC,Charlotte,28202,Paid
O000226,2024-03-28,C0144,Returned,Marketplace,USD,8.38,US,GA,Atlanta,30303,Refunded
O000227,2024-05-18,C0387,Shipped,Mobile,USD,6.85,US,IL,Chicago,60601,Paid
O000228,2024-04-30,C0022,Completed,Web,USD,6.79,US,TN,Nashville,37201,Paid
O000229,2024-01-02,C0209,Processing,Mobile,USD,6.48,US,MN,Minneapolis,55401,Pending
O000230,2024-05-31,C0208,Cancelled,Web,USD,0.0,US,GA,Atlanta,30303,Refunded
O000231,2024-02-03,C0128,Completed,Web,USD,6.69,US,CA,Los Angeles,90001,Paid
O000232,2024-01-28,C0212,Completed,Web,USD,6.23,US,OR,Portland,97205,Paid
O000233,2024-02-18,C0181,Completed,Marketplace,USD,9.38,US,FL,Miami,33101,Paid
O000234,2024-02-27,C0330,Completed,Store,USD,3.9,US,NJ,Newark,07102,Paid
O000235,2024-05-25,C0033,Completed,Web,USD,6.49,US,TX,Houston,77001,Paid
O000236,2024-05-03,C0001,Completed,Mobile,USD,6.31,US,MA,Boston,02108,Paid
O000237,2024-05-23,C0221,Shipped,Web,USD,5.89,US,NY,New York,10001,Paid
O000238,2024-03-06,C0019,Cancelled,Web,USD,0.0,US,NY,New York,10001,Refunded
O000239,2024-05-08,C0046,Completed,Mobile,USD,5.57,US,NM,Albuquerque,87102,Paid
O000240,2024-02-10,C0089,Shipped,Mobile,USD,5.29,US,FL,Miami,33101,Paid
O000241,2024-01-17,C0353,Completed,Web,USD,7.46,US,PA,Philadelphia,19101,Paid
O000242,2024-06-05,C0089,Completed,Web,USD,7.13,US,NJ,Newark,07102,Paid
O000243,2024-06-15,C0203,Shipped,Store,USD,3.44,US,NM,Albuquerque,87102,Paid
O000244,2024-05-14,C0174,Completed,Web,USD,6.79,US,OH,Cleveland,44114,Paid
O000245,2024-03-23,C0378,Completed,Web,USD,7.38,US,NJ,Newark,07102,Paid
O000246,2024-06-10,C0030,Shipped,Marketplace,USD,9.05,US,NY,New York,10001,Paid
O000247,2024-03-14,C0423,Shipped,Web,USD,7.51,US,MN,Minneapolis,55401,Paid
O000248,2024-03-09,C0409,Completed,Web,USD,5.8,US,MN,Minneapolis,55401,Paid
O000249,2024-06-03,C0211,Completed,Web,USD,5.52,US,OH,Cleveland,44114,Paid
O000250,2024-05-15,C0428,Processing,Marketplace,USD,7.51,US,TX,Houston,77001,Pending
O000251,2024-02-19,C0265,Shipped,Web,USD,5.34,US,NV,Las Vegas,89101,Paid
O000252,2024-01-06,C0082,Processing,Mobile,USD,5.36,US,FL,Miami,33101,Pending
O000253,2024-06-10,C0485,Completed,Marketplace,USD,8.27,US,NV,Las Vegas,89101,Paid
O000254,2024-02-27,C0396,Completed,Mobile,USD,5.3,US,TX,Houston,77001,Paid
O000255,2024-05-14,C0100,Completed,Marketplace,USD,7.38,US,WA,Seattle,98101,Paid
O000256,2024-02-20,C0311,Completed,Mobile,USD,6.52,US,FL,Miami,33101,Paid
O000257,2024-04-28,C0049,Processing,Mobile,USD,6.24,US,MN,Minneapolis,55401,Pending
O000258,2024-04-16,C0399,Completed,Store,USD,3.29,US,TX,Houston,77001,Paid
O000259,2024-04-04,C0201,Completed,Web,USD,6.96,US,TN,Nashville,37201,Paid
O000260,2024-03-02,C0038,Completed,Web,USD,6.36,US,NJ,Newark,07102,Paid
O000261,2024-03-27,C0399,Completed,Web,USD,7.33,US,FL,Miami,33101,Paid
O000262,2024-02-24,C0482,Returned,Mobile,USD,7.22,US,TX,Houston,77001,Refunded
O000263,2024-05-15,C0378,Completed,Web,USD,6.79,US,AZ,Phoenix,85001,Paid
O000264,2024-02-12,C0299,Shipped,Mobile,USD,7.11,US,NV,Las Vegas,89101,Paid
O000265,2024-06-07,C0292,Returned,Marketplace,USD,7.88,US,MA,Boston,02108,Refunded
O000266,2024-01-31,C0328,Shipped,Marketplace,USD,7.7,US,NJ,Newark,07102,Paid
O000267,2024-05-23,C0337,Shipped,Marketplace,USD,8.71,US,NY,New York,10001,Paid
O000268,2024-06-22,C0279,Completed,Web,USD,7.21,US,AZ,Phoenix,85001,Paid
O000269,2024-05-30,C0124,Processing,Web,USD,5.24,US,CO,Denver,80202,Pending
O000270,2024-01-15,C0033,Shipped,Mobile,USD,5.8,US,TX,Houston,77001,Paid
O000271,2024-04-14,C0233,Processing,Mobile,USD,7.65,US,PA,Philadelphia,19101,Pending
O000272,2024-02-03,C0344,Completed,Mobile,USD,6.12,US,AZ,Phoenix,85001,Paid
O000273,2024-05-14,C0204,Completed,Marketplace,USD,8.04,US,OH,Cleveland,44114,Paid
O000274,2024-02-12,C0105,Completed,Web,USD,7.41,US,TX,Houston,77001,Paid
O000275,2024-02-06,C0025,Completed,Web,USD,5.59,US,NV,Las Vegas,89101,Paid
O000276,2024-05-07,C0380,Completed,Web,USD,6.04,US,MN,Minneapolis,55401,Paid
O000277,2024-05-05,C0377,Completed,Web,USD,6.35,US,NJ,Newark,07102,Paid
O000278,2024-06-23,C0207,Completed,Mobile,USD,6.76,US,TX,Houston,77001,Paid
O000279,2024-04-24,C0277,Shipped,Web,USD,6.23,US,TX,Houston,77001,Paid
O000280,2024-05-31,C0286,Shipped,Web,USD,7.39,US,OH,Cleveland,44114,Paid
O000281,2024-01-22,C0332,Completed,Mobile,USD,6.52,US,CO,Denver,80202,Paid
O000282,2024-05-16,C0313,Completed,Web,USD,7.34,US,NC,Charlotte,28202,Paid
O000283,2024-04-09,C0387,Shipped,Web,USD,7.33,US,NV,Las Vegas,89101,Paid
O000284,2024-04-10,C0405,Processing,Web,USD,6.27,US,FL,Miami,33101,Pending
O000285,2024-03-27,C0390,Completed,Marketplace,USD,9.29,US,NC,Charlotte,28202,Paid
O000286,2024-06-05,C0009,Shipped,Mobile,USD,7.11,US,OR,Portland,97205,Paid
O000287,2024-01-10,C0138,Shipped,Web,USD,7.47,US,IL,Chicago,60601,Paid
O000288,2024-06-07,C0009,Returned,Web,USD,5.81,US,WA,Seattle,98101,Refunded
O000289,2024-05-22,C0270,Completed,Marketplace,USD,9.53,US,TN,Nashville,37201,Paid
O000290,2024-05-30,C0376,Returned,Mobile,USD,5.8,US,GA,Atlanta,30303,Refunded
O000291,2024-02-23,C0036,Completed,Mobile,USD,6.52,US,NY,New York,10001,Paid
O000292,2024-06-25,C0494,Completed,Marketplace,USD,9.53,US,FL,Miami,33101,Paid
O000293,2024-02-06,C0311,Shipped,Mobile,USD,5.11,US,NY,New York,10001,Paid
O000294,2024-02-12,C0273,Completed,Mobile,USD,6.45,US,NC,Charlotte,28202,Paid
O000295,2024-05-20,C0028,Shipped,Marketplace,USD,9.6,US,PA,Philadelphia,19101,Paid
O000296,2024-04-19,C0376,Shipped,Mobile,USD,6.04,US,OR,Portland,97205,Paid
O000297,2024-04-10,C0083,Completed,Web,USD,6.9,US,CO,Denver,80202,Paid
O000298,2024-06-01,C0342,Shipped,Marketplace,USD,7.45,US,NJ,Newark,07102,Paid
O000299,2024-01-14,C0204,Completed,Web,USD,6.57,US,OH,Cleveland,44114,Paid
O000300,2024-03-01,C0095,Completed,Web,USD,5.59,US,OH,Cleveland,44114,Paid
O000301,2024-03-29,C0035,Returned,Store,USD,3.33,US,PA,Philadelphia,19101,Refunded
O000302,2024-06-05,C0030,Cancelled,Mobile,USD,0.0,US,MA,Boston,02108,Refunded
O000303,2024-01-31,C0022,Completed,Mobile,USD,7.46,US,CA,Los Angeles,90001,Paid
O000304,2024-05-22,C0405,Shipped,Web,USD,6.53,US,NV,Las Vegas,89101,Paid
O000305,2024-06-19,C0367,Completed,Web,USD,7.06,US,NM,Albuquerque,87102,Paid
O000306,2024-01-14,C0247,Completed,Mobile,USD,6.43,US,GA,Atlanta,30303,Paid
O000307,2024-06-30,C0360,Completed,Web,USD,6.67,US,CO,Denver,80202,Paid
O000308,2024-04-23,C0190,Shipped,Marketplace,USD,8.31,US,NM,Albuquerque,87102,Paid
O000309,2024-02-28,C0284,Completed,Web,USD,6.06,US,TX,Houston,77001,Paid
O000310,2024-01-16,C0361,Completed,Mobile,USD,6.5,US,NJ,Newark,07102,Paid
O000311,2024-04-19,C0229,Completed,Mobile,USD,6.47,US,GA,Atlanta,30303,Paid
O000312,2024-05-29,C0181,Completed,Store,USD,4.47,US,IL,Chicago,60601,Paid
O000313,2024-05-21,C0279,Shipped,Mobile,USD,6.49,US,IL,Chicago,60601,Paid
O000314,2024-04-28,C0102,Completed,Web,USD,7.09,US,NM,Albuquerque,87102,Paid
O000315,2024-04-24,C0313,Completed,Store,USD,3.32,US,NY,New York,10001,Paid
O000316,2024-04-04,C0121,Completed,Mobile,USD,6.7,US,NM,Albuquerque,87102,Paid
O000317,2024-04-22,C0293,Completed,Marketplace,USD,7.88,US,MN,Minneapolis,55401,Paid
O000318,2024-06-14,C0047,Cancelled,Mobile,USD,0.0,US,IL,Chicago,60601,Refunded
O000319,2024-03-04,C0329,Completed,Mobile,USD,6.25,US,PA,Philadelphia,19101,Paid
O000320,2024-05-19,C0197,Shipped,Marketplace,USD,9.98,US,FL,Miami,33101,Paid
O000321,2024-05-16,C0137,Completed,Mobile,USD,5.46,US,NV,Las Vegas,89101,Paid
O000322,2024-02-24,C0038,Completed,Mobile,USD,5.59,US,TX,Houston,77001,Paid
O000323,2024-05-22,C0165,Completed,Web,USD,6.37,US,MN,Minneapolis,55401,Paid
O000324,2024-01-09,C0333,Shipped,Web,USD,7.55,US,MA,Boston,02108,Paid
O000325,2024-04-23,C0041,Completed,Store,USD,3.18,US,WA,Seattle,98101,Paid
O000326,2024-06-07,C0357,Completed,Marketplace,USD,10.01,US,OH,Cleveland,44114,Paid
O000327,2024-01-19,C0059,Completed,Mobile,USD,5.95,US,NC,Charlotte,28202,Paid
O000328,2024-04-05,C0168,Completed,Web,USD,5.69,US,CA,Los Angeles,90001,Paid
O000329,2024-05-22,C0403,Completed,Web,USD,7.05,US,GA,Atlanta,30303,Paid
O000330,2024-02-03,C0218,Processing,Web,USD,7.78,US,FL,Miami,33101,Pending
O000331,2024-02-14,C0061,Completed,Marketplace,USD,8.88,US,AZ,Phoenix,85001,Paid
O000332,2024-05-12,C0302,Completed,Mobile,USD,6.64,US,NV,Las Vegas,89101,Paid
O000333,2024-03-08,C0210,Shipped,Web,USD,6.25,US,PA,Philadelphia,19101,Paid
O000334,2024-05-21,C0237,Returned,Mobile,USD,6.12,US,TN,Nashville,37201,Refunded
O000335,2024-05-17,C0147,Shipped,Mobile,USD,5.89,US,NC,Charlotte,28202,Paid
O000336,2024-02-19,C0016,Completed,Mobile,USD,5.55,US,OH,Cleveland,44114,Paid
O000337,2024-04-08,C0017,Completed,Mobile,USD,6.42,US,FL,Miami,33101,Paid
O000338,2024-01-18,C0264,Completed,Web,USD,7.14,US,GA,Atlanta,30303,Paid
O000339,2024-06-13,C0124,Completed,Mobile,USD,6.46,US,TX,Houston,77001,Paid
O000340,2024-02-29,C0193,Shipped,Store,USD,5.22,US,CA,Los Angeles,90001,Paid
O000341,2024-05-12,C0089,Cancelled,Mobile,USD,0.0,US,MN,Minneapolis,55401,Refunded
O000342,2024-06-10,C0431,Cancelled,Mobile,USD,0.0,US,OH,Cleveland,44114,Refunded
O000343,2024-01-01,C0018,Shipped,Marketplace,USD,8.81,US,MA,Boston,02108,Paid
O000344,2024-04-04,C0470,Processing,Mobile,USD,5.64,US,CO,Denver,80202,Pending
O000345,2024-01-04,C0315,Shipped,Mobile,USD,6.89,US,TN,Nashville,37201,Paid
O000346,2024-06-13,C0339,Shipped,Web,USD,5.92,US,NC,Charlotte,28202,Paid
O000347,2024-01-23,C0483,Completed,Mobile,USD,6.29,US,AZ,Phoenix,85001,Paid
O000348,2024-04-26,C0250,Shipped,Mobile,USD,6.07,US,CO,Denver,80202,Paid
O000349,2024-02-15,C0137,Completed,Marketplace,USD,9.47,US,PA,Philadelphia,19101,Paid
O000350,2024-05-09,C0400,Completed,Mobile,USD,5.57,US,AZ,Phoenix,85001,Paid
O000351,2024-02-13,C0236,Shipped,Web,USD,7.82,US,MA,Boston,02108,Paid
O000352,2024-04-09,C0038,Cancelled,Mobile,USD,0.0,US,OH,Cleveland,44114,Refunded
O000353,2024-04-22,C0485,Shipped,Web,USD,6.13,US,CA,Los Angeles,90001,Paid
O000354,2024-03-24,C0288,Completed,Mobile,USD,7.68,US,CO,Denver,80202,Paid
O000355,2024-03-07,C0019,Completed,Web,USD,8.03,US,OR,Portland,97205,Paid
O000356,2024-03-05,C0368,Cancelled,Mobile,USD,0.0,US,CO,Denver,80202,Refunded
O000357,2024-06-07,C0230,Completed,Web,USD,8.23,US,OR,Portland,97205,Paid
O000358,2024-04-28,C0052,Cancelled,Web,USD,0.0,US,MN,Minneapolis,55401,Refunded
O000359,2024-01-07,C0325,Shipped,Web,USD,6.4,US,NV,Las Vegas,89101,Paid
O000360,2024-01-29,C0164,Completed,Mobile,USD,5.66,US,OR,Portland,97205,Paid
O000361,2024-03-31,C0477,Shipped,Mobile,USD,5.56,US,NM,Albuquerque,87102,Paid
O000362,2024-02-02,C0179,Processing,Web,USD,7.68,US,CA,Los Angeles,90001,Pending
O000363,2024-04-05,C0466,Completed,Web,USD,7.82,US,NM,Albuquerque,87102,Paid
O000364,2024-06-23,C0356,Shipped,Marketplace,USD,8.48,US,AZ,Phoenix,85001,Paid
O000365,2024-01-03,C0425,Completed,Marketplace,USD,9.66,US,IL,Chicago,60601,Paid
O000366,2024-01-09,C0378,Completed,Marketplace,USD,9.41,US,NM,Albuquerque,87102,Paid
O000367,2024-05-24,C0387,Shipped,Mobile,USD,6.37,US,OH,Cleveland,44114,Paid
O000368,2024-03-06,C0040,Returned,Marketplace,USD,8.02,US,NJ,Newark,07102,Refunded
O000369,2024-01-25,C0290,Completed,Web,USD,7.31,US,GA,Atlanta,30303,Paid
O000370,2024-05-20,C0035,Completed,Web,USD,7.57,US,NV,Las Vegas,89101,Paid
O000371,2024-03-05,C0031,Completed,Mobile,USD,6.79,US,IL,Chicago,60601,Paid
O000372,2024-06-27,C0480,Completed,Web,USD,7.04,US,AZ,Phoenix,85001,Paid
O000373,2024-04-01,C0236,Cancelled,Web,USD,0.0,US,NV,Las Vegas,89101,Refunded
O000374,2024-05-15,C0299,Completed,Mobile,USD,7.15,US,MA,Boston,02108,Paid
O000375,2024-04-16,C0497,Completed,Mobile,USD,4.87,US,NV,Las Vegas,89101,Paid
O000376,2024-01-10,C0336,Returned,Web,USD,6.31,US,NJ,Newark,07102,Refunded
O000377,2024-06-16,C0482,Shipped,Web,USD,7.16,US,OH,Cleveland,44114,Paid
O000378,2024-02-26,C0135,Completed,Store,USD,3.54,US,MA,Boston,02108,Paid
O000379,2024-06-29,C0041,Processing,Mobile,USD,7.44,US,TN,Nashville,37201,Pending
O000380,2024-03-02,C0185,Completed,Mobile,USD,6.17,US,GA,Atlanta,30303,Paid
O000381,2024-03-28,C0418,Shipped,Mobile,USD,5.95,US,PA,Philadelphia,19101,Paid
O000382,2024-03-08,C0342,Completed,Web,USD,6.42,US,OH,Cleveland,44114,Paid
O000383,2024-05-16,C0016,Completed,Mobile,USD,6.28,US,TX,Houston,77001,Paid
O000384,2024-06-23,C0433,Completed,Mobile,USD,5.57,US,NC,Charlotte,28202,Paid
O000385,2024-02-18,C0209,Completed,Web,USD,6.29,US,MA,Boston,02108,Paid
O000386,2024-01-07,C0019,Completed,Mobile,USD,6.15,US,AZ,Phoenix,85001,Paid
O000387,2024-01-09,C0466,Completed,Web,USD,7.42,US,MA,Boston,02108,Paid
O000388,2024-02-13,C0076,Shipped,Mobile,USD,6.37,US,AZ,Phoenix,85001,Paid
O000389,2024-05-10,C0024,Completed,Mobile,USD,5.31,US,PA,Philadelphia,19101,Paid
O000390,2024-05-21,C0331,Processing,Mobile,USD,6.04,US,FL,Miami,33101,Pending
O000391,2024-03-24,C0103,Shipped,Web,USD,6.87,US,NJ,Newark,07102,Paid
O000392,2024-03-31,C0376,Completed,Web,USD,7.04,US,NV,Las Vegas,89101,Paid
O000393,2024-05-04,C0004,Completed,Mobile,USD,6.5,US,OR,Portland,97205,Paid
O000394,2024-03-21,C0033,Shipped,Web,USD,7.39,US,WA,Seattle,98101,Paid
O000395,2024-02-24,C0304,Completed,Mobile,USD,6.48,US,NM,Albuquerque,87102,Paid
O000396,2024-04-20,C0385,Completed,Mobile,USD,6.82,US,NV,Las Vegas,89101,Paid
O000397,2024-03-01,C0181,Cancelled,Mobile,USD,0.0,US,MA,Boston,02108,Refunded
O000398,2024-04-06,C0414,Returned,Mobile,USD,6.37,US,WA,Seattle,98101,Refunded
O000399,2024-06-27,C0162,Completed,Web,USD,7.22,US,FL,Miami,33101,Paid
O000400,2024-01-29,C0180,Completed,Mobile,USD,6.17,US,PA,Philadelphia,19101,Paid
O000401,2024-03-25,C0153,Processing,Marketplace,USD,8.6,US,WA,Seattle,98101,Pending
O000402,2024-03-13,C0231,Completed,Web,USD,8.22,US,FL,Miami,33101,Paid
O000403,2024-01-16,C0067,Completed,Mobile,USD,5.26,US,PA,Philadelphia,19101,Paid
O000404,2024-01-03,C0126,Completed,Mobile,USD,6.05,US,CA,Los Angeles,90001,Paid
O000405,2024-03-27,C0299,Returned,Mobile,USD,6.52,US,NC,Charlotte,28202,Refunded
O000406,2024-02-29,C0155,Shipped,Web,USD,7.4,US,NJ,Newark,07102,Paid
O000407,2024-03-22,C0431,Completed,Mobile,USD,6.04,US,CA,Los Angeles,90001,Paid
O000408,2024-03-25,C0069,Completed,Web,USD,6.84,US,NV,Las Vegas,89101,Paid
O000409,2024-05-02,C0073,Shipped,Web,USD,5.32,US,TN,Nashville,37201,Paid
O000410,2024-01-08,C0121,Completed,Marketplace,USD,7.88,US,MA,Boston,02108,Paid
O000411,2024-04-22,C0030,Cancelled,Web,USD,0.0,US,GA,Atlanta,30303,Refunded
O000412,2024-05-29,C0411,Completed,Mobile,USD,6.93,US,OR,Portland,97205,Paid
O000413,2024-05-11,C0495,Completed,Web,USD,7.67,US,CA,Los Angeles,90001,Paid
O000414,2024-02-14,C0089,Cancelled,Marketplace,USD,0.0,US,AZ,Phoenix,85001,Refunded
O000415,2024-03-15,C0104,Completed,Store,USD,3.0,US,CO,Denver,80202,Paid
O000416,2024-06-23,C0315,Shipped,Mobile,USD,5.41,US,NV,Las Vegas,89101,Paid
O000417,2024-02-29,C0213,Completed,Marketplace,USD,9.6,US,WA,Seattle,98101,Paid
O000418,2024-01-11,C0112,Completed,Web,USD,7.68,US,AZ,Phoenix,85001,Paid
O000419,2024-03-10,C0023,Completed,Store,USD,3.91,US,NM,Albuquerque,87102,Paid
O000420,2024-04-21,C0446,Completed,Mobile,USD,6.24,US,OH,Cleveland,44114,Paid
O000421,2024-03-21,C0126,Completed,Mobile,USD,7.64,US,MN,Minneapolis,55401,Paid
O000422,2024-03-13,C0024,Completed,Mobile,USD,5.9,US,PA,Philadelphia,19101,Paid
O000423,2024-06-05,C0302,Completed,Mobile,USD,5.87,US,WA,Seattle,98101,Paid
O000424,2024-02-11,C0383,Completed,Mobile,USD,6.59,US,OH,Cleveland,44114,Paid
O000425,2024-05-24,C0338,Completed,Web,USD,7.35,US,CA,Los Angeles,90001,Paid
O000426,2024-01-27,C0233,Completed,Web,USD,6.0,US,FL,Miami,33101,Paid
O000427,2024-02-17,C0179,Shipped,Mobile,USD,6.15,US,NJ,Newark,07102,Paid
O000428,2024-06-10,C0387,Shipped,Web,USD,6.17,US,TN,Nashville,37201,Paid
O000429,2024-05-16,C0297,Completed,Web,USD,7.98,US,FL,Miami,33101,Paid
O000430,2024-06-03,C0115,Shipped,Mobile,USD,5.61,US,WA,Seattle,98101,Paid
O000431,2024-05-31,C0217,Completed,Web,USD,7.35,US,CO,Denver,80202,Paid
O000432,2024-03-03,C0237,Shipped,Mobile,USD,6.18,US,CO,Denver,80202,Paid
O000433,2024-02-13,C0495,Shipped,Marketplace,USD,7.77,US,TX,Houston,77001,Paid
O000434,2024-02-26,C0395,Completed,Mobile,USD,6.13,US,NY,New York,10001,Paid
O000435,2024-03-29,C0284,Returned,Web,USD,6.63,US,GA,Atlanta,30303,Refunded
O000436,2024-04-24,C0222,Completed,Mobile,USD,5.36,US,NM,Albuquerque,87102,Paid
O000437,2024-06-25,C0455,Completed,Web,USD,7.59,US,TX,Houston,77001,Paid
O000438,2024-02-02,C0404,Completed,Web,USD,7.13,US,TX,Houston,77001,Paid
O000439,2024-02-27,C0306,Completed,Web,USD,6.26,US,GA,Atlanta,30303,Paid
O000440,2024-02-02,C0202,Cancelled,Marketplace,USD,0.0,US,PA,Philadelphia,19101,Refunded
O000441,2024-06-21,C0165,Completed,Web,USD,6.37,US,OR,Portland,97205,Paid
O000442,2024-01-24,C0307,Completed,Web,USD,7.79,US,WA,Seattle,98101,Paid
O000443,2024-05-05,C0119,Completed,Web,USD,6.27,US,MN,Minneapolis,55401,Paid
O000444,2024-05-22,C0416,Completed,Web,USD,8.13,US,IL,Chicago,60601,Paid
O000445,2024-05-02,C0352,Completed,Store,USD,4.13,US,MA,Boston,02108,Paid
O000446,2024-01-14,C0175,Completed,Mobile,USD,5.25,US,NM,Albuquerque,87102,Paid
O000447,2024-01-22,C0361,Completed,Mobile,USD,6.66,US,OH,Cleveland,44114,Paid
O000448,2024-06-30,C0326,Completed,Mobile,USD,5.4,US,NM,Albuquerque,87102,Paid
O000449,2024-01-21,C0461,Completed,Web,USD,6.4,US,NJ,Newark,07102,Paid
O000450,2024-01-21,C0397,Completed,Marketplace,USD,8.81,US,NM,Albuquerque,87102,Paid
O000451,2024-04-05,C0114,Shipped,Mobile,USD,5.89,US,IL,Chicago,60601,Paid
O000452,2024-03-02,C0295,Completed,Web,USD,6.38,US,NM,Albuquerque,87102,Paid
O000453,2024-01-16,C0168,Completed,Mobile,USD,5.45,US,AZ,Phoenix,85001,Paid
O000454,2024-03-31,C0108,Shipped,Web,USD,5.38,US,FL,Miami,33101,Paid
O000455,2024-05-29,C0123,Completed,Web,USD,6.67,US,NC,Charlotte,28202,Paid
O000456,2024-01-08,C0234,Completed,Web,USD,7.68,US,PA,Philadelphia,19101,Paid
O000457,2024-03-08,C0210,Returned,Marketplace,USD,7.56,US,CA,Los Angeles,90001,Refunded
O000458,2024-03-22,C0304,Cancelled,Mobile,USD,0.0,US,MA,Boston,02108,Refunded
O000459,2024-05-17,C0259,Cancelled,Mobile,USD,0.0,US,WA,Seattle,98101,Refunded
O000460,2024-03-19,C0104,Completed,Mobile,USD,5.4,US,MA,Boston,02108,Paid
O000461,2024-01-04,C0231,Completed,Mobile,USD,5.03,US,WA,Seattle,98101,Paid
O000462,2024-02-12,C0136,Cancelled,Web,USD,0.0,US,CA,Los Angeles,90001,Refunded
O000463,2024-03-10,C0082,Returned,Web,USD,6.67,US,TN,Nashville,37201,Refunded
O000464,2024-05-27,C0131,Completed,Web,USD,5.67,US,GA,Atlanta,30303,Paid
O000465,2024-02-19,C0019,Completed,Web,USD,7.82,US,CO,Denver,80202,Paid
O000466,2024-05-01,C0239,Completed,Web,USD,5.87,US,OR,Portland,97205,Paid
O000467,2024-01-11,C0290,Completed,Web,USD,7.56,US,MN,Minneapolis,55401,Paid
O000468,2024-02-07,C0028,Shipped,Web,USD,6.06,US,FL,Miami,33101,Paid
O000469,2024-06-19,C0468,Completed,Web,USD,7.44,US,NY,New York,10001,Paid
O000470,2024-04-07,C0058,Completed,Web,USD,5.5,US,CA,Los Angeles,90001,Paid
O000471,2024-04-19,C0285,Shipped,Web,USD,6.9,US,MN,Minneapolis,55401,Paid
O000472,2024-01-12,C0154,Completed,Mobile,USD,6.0,US,CA,Los Angeles,90001,Paid
O000473,2024-03-11,C0164,Completed,Mobile,USD,5.86,US,GA,Atlanta,30303,Paid
O000474,2024-02-25,C0390,Completed,Web,USD,7.35,US,NY,New York,10001,Paid
O000475,2024-01-24,C0436,Completed,Mobile,USD,6.33,US,NV,Las Vegas,89101,Paid
O000476,2024-05-20,C0483,Completed,Web,USD,6.11,US,GA,Atlanta,30303,Paid
O000477,2024-01-22,C0268,Completed,Mobile,USD,5.76,US,OR,Portland,97205,Paid
O000478,2024-04-24,C0016,Completed,Mobile,USD,6.14,US,OR,Portland,97205,Paid
O000479,2024-02-05,C0472,Completed,Mobile,USD,6.44,US,FL,Miami,33101,Paid
O000480,2024-01-03,C0009,Completed,Mobile,USD,5.51,US,CO,Denver,80202,Paid
O000481,2024-04-28,C0032,Completed,Web,USD,7.38,US,PA,Philadelphia,19101,Paid
O000482,2024-05-07,C0006,Completed,Web,USD,6.69,US,GA,Atlanta,30303,Paid
O000483,2024-06-09,C0256,Returned,Web,USD,6.88,US,MA,Boston,02108,Refunded
O000484,2024-02-09,C0488,Completed,Web,USD,7.36,US,AZ,Phoenix,85001,Paid
O000485,2024-03-21,C0121,Shipped,Web,USD,7.35,US,WA,Seattle,98101,Paid
O000486,2024-06-25,C0338,Shipped,Mobile,USD,5.66,US,WA,Seattle,98101,Paid
O000487,2024-03-19,C0120,Completed,Mobile,USD,6.13,US,FL,Miami,33101,Paid
O000488,2024-04-04,C0083,Completed,Mobile,USD,4.92,US,CO,Denver,80202,Paid
O000489,2024-02-06,C0255,Shipped,Mobile,USD,6.29,US,TX,Houston,77001,Paid
O000490,2024-06-25,C0055,Shipped,Mobile,USD,6.39,US,NC,Charlotte,28202,Paid
O000491,2024-02-22,C0040,Completed,Web,USD,6.52,US,NJ,Newark,07102,Paid
O000492,2024-04-16,C0058,Completed,Mobile,USD,4.93,US,TX,Houston,77001,Paid
O000493,2024-03-27,C0249,Completed,Store,USD,2.26,US,FL,Miami,33101,Paid
O000494,2024-03-06,C0334,Completed,Mobile,USD,6.14,US,CO,Denver,80202,Paid
O000495,2024-04-23,C0411,Completed,Mobile,USD,5.79,US,TN,Nashville,37201,Paid
O000496,2024-02-07,C0422,Completed,Mobile,USD,5.52,US,NV,Las Vegas,89101,Paid
O000497,2024-02-05,C0296,Completed,Web,USD,6.35,US,CO,Denver,80202,Paid
O000498,2024-01-19,C0189,Completed,Web,USD,8.11,US,NV,Las Vegas,89101,Paid
O000499,2024-03-04,C0242,Completed,Mobile,USD,6.1,US,OH,Cleveland,44114,Paid
O000500,2024-01-26,C0260,Completed,Web,USD,6.34,US,OR,Portland,97205,Paid
O000501,2024-04-28,C0217,Completed,Web,USD,6.83,US,NJ,Newark,07102,Paid
O000502,2024-02-17,C0398,Completed,Web,USD,7.27,US,NJ,Newark,07102,Paid
O000503,2024-04-19,C0214,Completed,Web,USD,7.28,US,WA,Seattle,98101,Paid
O000504,2024-06-20,C0209,Shipped,Mobile,USD,6.87,US,NY,New York,10001,Paid
O000505,2024-02-19,C0161,Completed,Web,USD,7.46,US,OR,Portland,97205,Paid
O000506,2024-06-13,C0090,Completed,Web,USD,5.88,US,AZ,Phoenix,85001,Paid
O000507,2024-05-19,C0316,Completed,Web,USD,7.86,US,TN,Nashville,37201,Paid
O000508,2024-01-20,C0425,Completed,Web,USD,6.62,US,CA,Los Angeles,90001,Paid
O000509,2024-01-09,C0482,Completed,Web,USD,8.18,US,CO,Denver,80202,Paid
O000510,2024-06-27,C0056,Shipped,Web,USD,7.97,US,FL,Miami,33101,Paid
O000511,2024-02-13,C0422,Processing,Mobile,USD,6.39,US,NJ,Newark,07102,Pending
O000512,2024-04-03,C0254,Processing,Web,USD,6.09,US,GA,Atlanta,30303,Pending
O000513,2024-01-20,C0096,Shipped,Marketplace,USD,9.09,US,TN,Nashville,37201,Paid
O000514,2024-01-18,C0184,Completed,Web,USD,7.11,US,CA,Los Angeles,90001,Paid
O000515,2024-03-04,C0151,Cancelled,Mobile,USD,0.0,US,NV,Las Vegas,89101,Refunded
O000516,2024-06-02,C0385,Completed,Store,USD,3.43,US,NV,Las Vegas,89101,Paid
O000517,2024-03-09,C0305,Completed,Marketplace,USD,8.84,US,IL,Chicago,60601,Paid
O000518,2024-02-06,C0053,Processing,Web,USD,7.27,US,NY,New York,10001,Pending
O000519,2024-03-22,C0006,Completed,Mobile,USD,5.97,US,TX,Houston,77001,Paid
O000520,2024-02-03,C0441,Returned,Mobile,USD,6.05,US,AZ,Phoenix,85001,Refunded
O000521,2024-06-07,C0447,Completed,Mobile,USD,6.0,US,CA,Los Angeles,90001,Paid
O000522,2024-05-10,C0010,Completed,Web,USD,6.92,US,WA,Seattle,98101,Paid
O000523,2024-01-28,C0387,Completed,Mobile,USD,6.37,US,OH,Cleveland,44114,Paid
O000524,2024-06-26,C0426,Completed,Web,USD,6.68,US,NJ,Newark,07102,Paid
O000525,2024-02-29,C0010,Completed,Mobile,USD,5.38,US,IL,Chicago,60601,Paid
O000526,2024-05-04,C0237,Completed,Web,USD,5.95,US,CA,Los Angeles,90001,Paid
O000527,2024-03-24,C0294,Completed,Web,USD,6.88,US,FL,Miami,33101,Paid
O000528,2024-03-14,C0142,Cancelled,Web,USD,0.0,US,TX,Houston,77001,Refunded
O000529,2024-03-24,C0243,Completed,Mobile,USD,5.02,US,OR,Portland,97205,Paid
O000530,2024-03-19,C0228,Shipped,Web,USD,7.9,US,WA,Seattle,98101,Paid
O000531,2024-06-25,C0144,Completed,Mobile,USD,6.0,US,NJ,Newark,07102,Paid
O000532,2024-05-16,C0245,Completed,Web,USD,6.32,US,IL,Chicago,60601,Paid
O000533,2024-04-16,C0459,Completed,Store,USD,3.86,US,NJ,Newark,07102,Paid
O000534,2024-05-12,C0006,Completed,Mobile,USD,7.0,US,CO,Denver,80202,Paid
O000535,2024-04-13,C0419,Shipped,Marketplace,USD,7.87,US,NC,Charlotte,28202,Paid
O000536,2024-02-25,C0169,Shipped,Mobile,USD,5.36,US,MN,Minneapolis,55401,Paid
O000537,2024-03-21,C0380,Processing,Store,USD,4.26,US,OR,Portland,97205,Pending
O000538,2024-02-22,C0201,Shipped,Mobile,USD,6.42,US,PA,Philadelphia,19101,Paid
O000539,2024-04-27,C0047,Completed,Store,USD,3.59,US,NY,New York,10001,Paid
O000540,2024-05-24,C0184,Completed,Marketplace,USD,9.23,US,GA,Atlanta,30303,Paid
O000541,2024-02-07,C0358,Completed,Mobile,USD,7.56,US,IL,Chicago,60601,Paid
O000542,2024-01-14,C0244,Completed,Web,USD,8.05,US,AZ,Phoenix,85001,Paid
O000543,2024-05-12,C0076,Shipped,Marketplace,USD,8.37,US,MN,Minneapolis,55401,Paid
O000544,2024-01-04,C0068,Completed,Web,USD,6.19,US,OH,Cleveland,44114,Paid
O000545,2024-03-24,C0112,Shipped,Web,USD,6.45,US,NV,Las Vegas,89101,Paid
O000546,2024-02-09,C0481,Completed,Web,USD,6.71,US,FL,Miami,33101,Paid
O000547,2024-02-04,C0163,Completed,Web,USD,7.27,US,CO,Denver,80202,Paid
O000548,2024-02-20,C0078,Completed,Web,USD,8.17,US,AZ,Phoenix,85001,Paid
O000549,2024-04-08,C0006,Completed,Marketplace,USD,9.87,US,GA,Atlanta,30303,Paid
O000550,2024-04-21,C0191,Completed,Web,USD,6.53,US,NY,New York,10001,Paid
O000551,2024-01-03,C0207,Completed,Web,USD,6.58,US,NY,New York,10001,Paid
O000552,2024-01-05,C0061,Completed,Mobile,USD,6.19,US,MA,Boston,02108,Paid
O000553,2024-03-27,C0120,Completed,Marketplace,USD,10.06,US,FL,Miami,33101,Paid
O000554,2024-01-26,C0210,Completed,Web,USD,7.72,US,MN,Minneapolis,55401,Paid
O000555,2024-02-20,C0254,Completed,Marketplace,USD,9.49,US,PA,Philadelphia,19101,Paid
O000556,2024-03-17,C0098,Shipped,Store,USD,4.4,US,PA,Philadelphia,19101,Paid
O000557,2024-06-04,C0040,Shipped,Mobile,USD,7.2,US,IL,Chicago,60601,Paid
O000558,2024-01-21,C0279,Completed,Store,USD,3.24,US,TX,Houston,77001,Paid
O000559,2024-03-20,C0458,Completed,Marketplace,USD,8.62,US,TX,Houston,77001,Paid
O000560,2024-05-19,C0469,Completed,Marketplace,USD,7.47,US,OH,Cleveland,44114,Paid
O000561,2024-04-21,C0355,Processing,Mobile,USD,7.1,US,MA,Boston,02108,Pending
O000562,2024-05-09,C0022,Completed,Marketplace,USD,8.97,US,OH,Cleveland,44114,Paid
O000563,2024-01-25,C0052,Completed,Mobile,USD,5.02,US,OR,Portland,97205,Paid
O000564,2024-06-24,C0409,Completed,Web,USD,6.86,US,PA,Philadelphia,19101,Paid
O000565,2024-05-04,C0216,Returned,Web,USD,7.32,US,NV,Las Vegas,89101,Refunded
O000566,2024-02-03,C0023,Processing,Web,USD,7.29,US,MN,Minneapolis,55401,Pending
O000567,2024-06-25,C0081,Shipped,Mobile,USD,6.81,US,MA,Boston,02108,Paid
O000568,2024-03-16,C0479,Completed,Web,USD,6.08,US,OR,Portland,97205,Paid
O000569,2024-06-10,C0179,Completed,Web,USD,6.98,US,TN,Nashville,37201,Paid
O000570,2024-02-05,C0431,Completed,Web,USD,6.38,US,CO,Denver,80202,Paid
O000571,2024-01-19,C0014,Returned,Mobile,USD,5.37,US,TN,Nashville,37201,Refunded
O000572,2024-02-03,C0192,Completed,Web,USD,6.84,US,PA,Philadelphia,19101,Paid
O000573,2024-04-27,C0164,Completed,Mobile,USD,7.25,US,TX,Houston,77001,Paid
O000574,2024-06-24,C0192,Completed,Web,USD,7.02,US,NJ,Newark,07102,Paid
O000575,2024-02-25,C0124,Processing,Web,USD,8.14,US,MA,Boston,02108,Pending
O000576,2024-05-31,C0441,Completed,Web,USD,5.94,US,PA,Philadelphia,19101,Paid
O000577,2024-02-18,C0316,Shipped,Web,USD,6.96,US,FL,Miami,33101,Paid
O000578,2024-04-23,C0030,Completed,Mobile,USD,4.78,US,OR,Portland,97205,Paid
O000579,2024-02-08,C0321,Completed,Mobile,USD,6.63,US,AZ,Phoenix,85001,Paid
O000580,2024-01-09,C0194,Completed,Web,USD,6.65,US,OR,Portland,97205,Paid
O000581,2024-04-05,C0071,Cancelled,Store,USD,0.0,US,NM,Albuquerque,87102,Refunded
O000582,2024-03-12,C0363,Completed,Marketplace,USD,8.94,US,IL,Chicago,60601,Paid
O000583,2024-01-27,C0339,Completed,Mobile,USD,6.96,US,OR,Portland,97205,Paid
O000584,2024-04-28,C0367,Shipped,Web,USD,6.56,US,MN,Minneapolis,55401,Paid
O000585,2024-03-06,C0358,Shipped,Web,USD,7.55,US,NM,Albuquerque,87102,Paid
O000586,2024-02-06,C0294,Completed,Web,USD,6.34,US,GA,Atlanta,30303,Paid
O000587,2024-04-01,C0385,Completed,Marketplace,USD,8.25,US,NC,Charlotte,28202,Paid
O000588,2024-03-31,C0196,Completed,Web,USD,7.74,US,WA,Seattle,98101,Paid
O000589,2024-03-03,C0011,Completed,Marketplace,USD,9.16,US,GA,Atlanta,30303,Paid
O000590,2024-06-20,C0138,Completed,Mobile,USD,6.06,US,NM,Albuquerque,87102,Paid
O000591,2024-03-09,C0285,Completed,Web,USD,7.7,US,TX,Houston,77001,Paid
O000592,2024-01-05,C0347,Completed,Mobile,USD,5.67,US,OR,Portland,97205,Paid
O000593,2024-05-15,C0182,Completed,Web,USD,5.3,US,AZ,Phoenix,85001,Paid
O000594,2024-04-02,C0236,Returned,Web,USD,7.02,US,TN,Nashville,37201,Refunded
O000595,2024-06-08,C0367,Completed,Web,USD,8.12,US,WA,Seattle,98101,Paid
O000596,2024-04-02,C0422,Completed,Web,USD,6.33,US,OR,Portland,97205,Paid
O000597,2024-04-30,C0117,Completed,Mobile,USD,6.87,US,NM,Albuquerque,87102,Paid
O000598,2024-04-25,C0432,Completed,Web,USD,6.11,US,MA,Boston,02108,Paid
O000599,2024-05-11,C0282,Completed,Mobile,USD,5.4,US,NJ,Newark,07102,Paid
O000600,2024-05-25,C0080,Completed,Web,USD,6.21,US,OH,Cleveland,44114,Paid
O000601,2024-05-30,C0233,Completed,Mobile,USD,6.23,US,AZ,Phoenix,85001,Paid
O000602,2024-04-17,C0023,Completed,Mobile,USD,6.75,US,NC,Charlotte,28202,Paid
O000603,2024-01-24,C0330,Completed,Mobile,USD,5.55,US,MN,Minneapolis,55401,Paid
O000604,2024-02-09,C0386,Returned,Mobile,USD,5.68,US,FL,Miami,33101,Refunded
O000605,2024-06-09,C0412,Completed,Mobile,USD,6.39,US,WA,Seattle,98101,Paid
O000606,2024-01-31,C0445,Completed,Mobile,USD,7.08,US,TN,Nashville,37201,Paid
O000607,2024-04-05,C0438,Completed,Mobile,USD,6.8,US,IL,Chicago,60601,Paid
O000608,2024-01-22,C0333,Completed,Marketplace,USD,7.26,US,NC,Charlotte,28202,Paid
O000609,2024-03-14,C0331,Completed,Mobile,USD,7.23,US,TX,Houston,77001,Paid
O000610,2024-02-08,C0416,Returned,Mobile,USD,6.08,US,GA,Atlanta,30303,Refunded
O000611,2024-04-10,C0383,Completed,Store,USD,3.71,US,FL,Miami,33101,Paid
O000612,2024-02-26,C0284,Completed,Mobile,USD,4.85,US,GA,Atlanta,30303,Paid
O000613,2024-06-06,C0014,Completed,Mobile,USD,6.11,US,PA,Philadelphia,19101,Paid
O000614,2024-05-29,C0183,Shipped,Mobile,USD,7.41,US,PA,Philadelphia,19101,Paid
O000615,2024-04-30,C0154,Returned,Web,USD,7.48,US,FL,Miami,33101,Refunded
O000616,2024-06-27,C0027,Shipped,Mobile,USD,4.87,US,MN,Minneapolis,55401,Paid
O000617,2024-05-03,C0222,Completed,Mobile,USD,4.89,US,OH,Cleveland,44114,Paid
O000618,2024-06-13,C0209,Shipped,Web,USD,8.18,US,OH,Cleveland,44114,Paid
O000619,2024-02-05,C0469,Completed,Web,USD,6.38,US,PA,Philadelphia,19101,Paid
O000620,2024-02-04,C0437,Completed,Marketplace,USD,7.78,US,WA,Seattle,98101,Paid
O000621,2024-02-27,C0108,Completed,Web,USD,6.64,US,NM,Albuquerque,87102,Paid
O000622,2024-05-08,C0096,Completed,Store,USD,4.69,US,NV,Las Vegas,89101,Paid
O000623,2024-02-29,C0426,Completed,Mobile,USD,7.18,US,TN,Nashville,37201,Paid
O000624,2024-03-09,C0054,Shipped,Web,USD,6.39,US,NC,Charlotte,28202,Paid
O000625,2024-03-04,C0383,Completed,Store,USD,4.15,US,AZ,Phoenix,85001,Paid
O000626,2024-01-26,C0212,Shipped,Web,USD,7.72,US,NV,Las Vegas,89101,Paid
O000627,2024-04-07,C0067,Completed,Web,USD,6.46,US,CA,Los Angeles,90001,Paid
O000628,2024-03-14,C0063,Shipped,Mobile,USD,6.18,US,NV,Las Vegas,89101,Paid
O000629,2024-02-25,C0006,Shipped,Web,USD,6.29,US,NV,Las Vegas,89101,Paid
O000630,2024-06-23,C0211,Completed,Web,USD,5.49,US,OH,Cleveland,44114,Paid
O000631,2024-05-29,C0375,Shipped,Web,USD,6.94,US,CA,Los Angeles,90001,Paid
O000632,2024-01-19,C0489,Completed,Web,USD,5.26,US,GA,Atlanta,30303,Paid
O000633,2024-05-15,C0078,Shipped,Web,USD,8.14,US,OH,Cleveland,44114,Paid
O000634,2024-03-22,C0108,Completed,Web,USD,7.04,US,MA,Boston,02108,Paid
O000635,2024-04-28,C0464,Completed,Marketplace,USD,7.93,US,NY,New York,10001,Paid
O000636,2024-04-21,C0497,Processing,Web,USD,8.24,US,NC,Charlotte,28202,Pending
O000637,2024-01-31,C0078,Completed,Web,USD,6.02,US,TN,Nashville,37201,Paid
O000638,2024-02-14,C0166,Shipped,Marketplace,USD,8.45,US,NC,Charlotte,28202,Paid
O000639,2024-03-13,C0310,Completed,Marketplace,USD,9.15,US,MN,Minneapolis,55401,Paid
O000640,2024-06-12,C0230,Completed,Web,USD,6.45,US,IL,Chicago,60601,Paid
O000641,2024-04-06,C0003,Shipped,Marketplace,USD,9.21,US,MN,Minneapolis,55401,Paid
O000642,2024-05-17,C0070,Completed,Web,USD,6.57,US,AZ,Phoenix,85001,Paid
O000643,2024-03-24,C0242,Completed,Web,USD,7.3,US,AZ,Phoenix,85001,Paid
O000644,2024-04-23,C0496,Completed,Mobile,USD,6.71,US,AZ,Phoenix,85001,Paid
O000645,2024-03-17,C0459,Shipped,Marketplace,USD,8.85,US,TX,Houston,77001,Paid
O000646,2024-01-22,C0090,Shipped,Marketplace,USD,8.75,US,MN,Minneapolis,55401,Paid
O000647,2024-06-18,C0114,Completed,Marketplace,USD,9.11,US,NJ,Newark,07102,Paid
O000648,2024-04-17,C0428,Completed,Web,USD,6.93,US,GA,Atlanta,30303,Paid
O000649,2024-02-06,C0163,Completed,Marketplace,USD,9.66,US,NJ,Newark,07102,Paid
O000650,2024-01-03,C0411,Completed,Web,USD,6.8,US,OH,Cleveland,44114,Paid
O000651,2024-05-16,C0168,Completed,Web,USD,6.45,US,OR,Portland,97205,Paid
O000652,2024-02-24,C0391,Shipped,Mobile,USD,5.81,US,FL,Miami,33101,Paid
O000653,2024-02-10,C0227,Completed,Marketplace,USD,9.1,US,TX,Houston,77001,Paid
O000654,2024-01-02,C0244,Completed,Web,USD,6.25,US,NV,Las Vegas,89101,Paid
O000655,2024-03-03,C0330,Completed,Web,USD,7.76,US,MA,Boston,02108,Paid
O000656,2024-04-25,C0002,Returned,Store,USD,3.32,US,NM,Albuquerque,87102,Refunded
O000657,2024-01-04,C0228,Completed,Marketplace,USD,8.33,US,TX,Houston,77001,Paid
O000658,2024-05-27,C0014,Completed,Store,USD,3.83,US,PA,Philadelphia,19101,Paid
O000659,2024-03-03,C0172,Completed,Mobile,USD,6.04,US,AZ,Phoenix,85001,Paid
O000660,2024-01-22,C0043,Processing,Mobile,USD,6.09,US,CO,Denver,80202,Pending
O000661,2024-01-19,C0358,Completed,Web,USD,6.85,US,MA,Boston,02108,Paid
O000662,2024-01-08,C0342,Shipped,Web,USD,8.18,US,NV,Las Vegas,89101,Paid
O000663,2024-03-07,C0211,Completed,Web,USD,7.37,US,MN,Minneapolis,55401,Paid
O000664,2024-04-24,C0385,Shipped,Web,USD,7.04,US,GA,Atlanta,30303,Paid
O000665,2024-02-07,C0096,Completed,Mobile,USD,5.59,US,MA,Boston,02108,Paid
O000666,2024-02-22,C0013,Shipped,Mobile,USD,5.9,US,FL,Miami,33101,Paid
O000667,2024-01-17,C0163,Completed,Mobile,USD,7.58,US,NV,Las Vegas,89101,Paid
O000668,2024-02-24,C0105,Processing,Mobile,USD,7.58,US,GA,Atlanta,30303,Pending
O000669,2024-04-17,C0190,Completed,Store,USD,3.39,US,WA,Seattle,98101,Paid
O000670,2024-03-25,C0461,Completed,Mobile,USD,5.84,US,CO,Denver,80202,Paid
O000671,2024-03-02,C0140,Completed,Web,USD,6.72,US,IL,Chicago,60601,Paid
O000672,2024-03-22,C0265,Completed,Web,USD,7.39,US,NV,Las Vegas,89101,Paid
O000673,2024-01-22,C0058,Completed,Store,USD,4.05,US,NM,Albuquerque,87102,Paid
O000674,2024-03-24,C0217,Shipped,Mobile,USD,5.82,US,NJ,Newark,07102,Paid
O000675,2024-06-23,C0035,Completed,Web,USD,7.38,US,OR,Portland,97205,Paid
O000676,2024-02-02,C0164,Completed,Web,USD,6.47,US,MN,Minneapolis,55401,Paid
O000677,2024-02-12,C0285,Shipped,Mobile,USD,4.93,US,NC,Charlotte,28202,Paid
O000678,2024-01-22,C0465,Completed,Store,USD,4.23,US,AZ,Phoenix,85001,Paid
O000679,2024-04-06,C0056,Shipped,Web,USD,7.29,US,TN,Nashville,37201,Paid
O000680,2024-06-23,C0195,Completed,Mobile,USD,6.72,US,TN,Nashville,37201,Paid
O000681,2024-01-13,C0216,Completed,Mobile,USD,4.88,US,TX,Houston,77001,Paid
O000682,2024-05-09,C0016,Completed,Web,USD,6.07,US,CA,Los Angeles,90001,Paid
O000683,2024-03-13,C0056,Completed,Mobile,USD,7.05,US,NM,Albuquerque,87102,Paid
O000684,2024-05-12,C0075,Completed,Mobile,USD,6.74,US,AZ,Phoenix,85001,Paid
O000685,2024-01-07,C0302,Shipped,Web,USD,6.83,US,OH,Cleveland,44114,Paid
O000686,2024-01-04,C0416,Cancelled,Web,USD,0.0,US,IL,Chicago,60601,Refunded
O000687,2024-03-20,C0002,Returned,Web,USD,6.67,US,OH,Cleveland,44114,Refunded
O000688,2024-05-16,C0088,Completed,Store,USD,4.08,US,NY,New York,10001,Paid
O000689,2024-03-30,C0019,Cancelled,Mobile,USD,0.0,US,OH,Cleveland,44114,Refunded
O000690,2024-04-01,C0376,Shipped,Web,USD,7.74,US,NY,New York,10001,Paid
O000691,2024-05-31,C0089,Completed,Web,USD,7.55,US,PA,Philadelphia,19101,Paid
O000692,2024-03-23,C0070,Shipped,Mobile,USD,6.61,US,OR,Portland,97205,Paid
O000693,2024-04-22,C0396,Processing,Mobile,USD,6.54,US,TX,Houston,77001,Pending
O000694,2024-03-19,C0059,Completed,Web,USD,7.49,US,MN,Minneapolis,55401,Paid
O000695,2024-02-06,C0397,Completed,Web,USD,6.48,US,NM,Albuquerque,87102,Paid
O000696,2024-02-28,C0083,Completed,Web,USD,6.57,US,MA,Boston,02108,Paid
O000697,2024-04-08,C0464,Completed,Mobile,USD,7.68,US,GA,Atlanta,30303,Paid
O000698,2024-04-07,C0369,Cancelled,Mobile,USD,0.0,US,OH,Cleveland,44114,Refunded
O000699,2024-05-20,C0336,Shipped,Store,USD,4.18,US,GA,Atlanta,30303,Paid
O000700,2024-04-20,C0447,Processing,Web,USD,5.78,US,OR,Portland,97205,Pending
O000701,2024-04-12,C0138,Completed,Store,USD,3.38,US,NJ,Newark,07102,Paid
O000702,2024-06-11,C0139,Shipped,Marketplace,USD,7.87,US,TN,Nashville,37201,Paid
O000703,2024-01-06,C0176,Returned,Web,USD,6.99,US,PA,Philadelphia,19101,Refunded
O000704,2024-02-12,C0445,Completed,Marketplace,USD,9.03,US,NV,Las Vegas,89101,Paid
O000705,2024-06-03,C0021,Completed,Web,USD,5.71,US,IL,Chicago,60601,Paid
O000706,2024-05-19,C0096,Completed,Web,USD,6.78,US,TX,Houston,77001,Paid
O000707,2024-04-23,C0336,Completed,Mobile,USD,5.99,US,NV,Las Vegas,89101,Paid
O000708,2024-05-06,C0382,Completed,Web,USD,6.66,US,CA,Los Angeles,90001,Paid
O000709,2024-02-07,C0030,Completed,Web,USD,6.9,US,TN,Nashville,37201,Paid
O000710,2024-01-07,C0303,Shipped,Web,USD,5.89,US,CO,Denver,80202,Paid
O000711,2024-01-31,C0248,Completed,Web,USD,6.59,US,TX,Houston,77001,Paid
O000712,2024-04-19,C0432,Shipped,Web,USD,5.47,US,AZ,Phoenix,85001,Paid
O000713,2024-06-22,C0112,Completed,Mobile,USD,5.42,US,NJ,Newark,07102,Paid
O000714,2024-03-06,C0029,Completed,Web,USD,6.66,US,WA,Seattle,98101,Paid
O000715,2024-04-12,C0258,Shipped,Web,USD,6.42,US,NJ,Newark,07102,Paid
O000716,2024-02-07,C0275,Shipped,Mobile,USD,5.74,US,FL,Miami,33101,Paid
O000717,2024-03-12,C0126,Completed,Mobile,USD,5.5,US,NV,Las Vegas,89101,Paid
O000718,2024-01-03,C0213,Completed,Mobile,USD,5.31,US,FL,Miami,33101,Paid
O000719,2024-02-17,C0247,Completed,Web,USD,6.61,US,CA,Los Angeles,90001,Paid
O000720,2024-02-16,C0054,Completed,Mobile,USD,5.87,US,MA,Boston,02108,Paid
O000721,2024-06-06,C0073,Completed,Web,USD,5.36,US,NV,Las Vegas,89101,Paid
O000722,2024-02-06,C0385,Completed,Web,USD,6.63,US,GA,Atlanta,30303,Paid
O000723,2024-02-20,C0051,Processing,Mobile,USD,7.07,US,OH,Cleveland,44114,Pending
O000724,2024-02-25,C0105,Completed,Mobile,USD,5.19,US,NY,New York,10001,Paid
O000725,2024-04-17,C0273,Processing,Web,USD,6.74,US,MA,Boston,02108,Pending
O000726,2024-06-03,C0350,Completed,Web,USD,6.36,US,FL,Miami,33101,Paid
O000727,2024-06-02,C0169,Completed,Web,USD,6.43,US,FL,Miami,33101,Paid
O000728,2024-01-14,C0334,Completed,Web,USD,6.41,US,NC,Charlotte,28202,Paid
O000729,2024-01-03,C0482,Completed,Web,USD,7.36,US,GA,Atlanta,30303,Paid
O000730,2024-05-23,C0468,Completed,Mobile,USD,6.29,US,MN,Minneapolis,55401,Paid
O000731,2024-03-30,C0253,Shipped,Mobile,USD,5.03,US,MA,Boston,02108,Paid
O000732,2024-01-12,C0387,Shipped,Store,USD,3.5,US,CO,Denver,80202,Paid
O000733,2024-03-12,C0436,Completed,Web,USD,7.18,US,MA,Boston,02108,Paid
O000734,2024-01-10,C0208,Shipped,Web,USD,7.14,US,TX,Houston,77001,Paid
O000735,2024-05-30,C0334,Shipped,Web,USD,7.37,US,GA,Atlanta,30303,Paid
O000736,2024-01-08,C0232,Shipped,Web,USD,6.71,US,NC,Charlotte,28202,Paid
O000737,2024-03-03,C0345,Shipped,Web,USD,6.47,US,PA,Philadelphia,19101,Paid
O000738,2024-04-15,C0225,Shipped,Marketplace,USD,8.71,US,TN,Nashville,37201,Paid
O000739,2024-03-30,C0254,Shipped,Mobile,USD,5.99,US,MA,Boston,02108,Paid
O000740,2024-06-11,C0351,Completed,Store,USD,4.1,US,CA,Los Angeles,90001,Paid
O000741,2024-02-12,C0397,Completed,Web,USD,8.03,US,NM,Albuquerque,87102,Paid
O000742,2024-04-14,C0139,Completed,Web,USD,6.12,US,MA,Boston,02108,Paid
O000743,2024-05-23,C0373,Completed,Mobile,USD,6.11,US,PA,Philadelphia,19101,Paid
O000744,2024-05-02,C0451,Completed,Web,USD,7.88,US,NY,New York,10001,Paid
O000745,2024-06-05,C0146,Shipped,Mobile,USD,7.12,US,NV,Las Vegas,89101,Paid
O000746,2024-02-25,C0494,Completed,Marketplace,USD,8.88,US,MN,Minneapolis,55401,Paid
O000747,2024-02-23,C0356,Completed,Mobile,USD,6.44,US,TN,Nashville,37201,Paid
O000748,2024-03-25,C0461,Completed,Marketplace,USD,8.87,US,NJ,Newark,07102,Paid
O000749,2024-03-03,C0294,Processing,Store,USD,4.71,US,GA,Atlanta,30303,Pending
O000750,2024-05-08,C0472,Completed,Store,USD,4.76,US,TN,Nashville,37201,Paid
O000751,2024-05-17,C0054,Shipped,Web,USD,7.0,US,IL,Chicago,60601,Paid
O000752,2024-06-21,C0089,Processing,Web,USD,7.72,US,GA,Atlanta,30303,Pending
O000753,2024-03-31,C0301,Completed,Mobile,USD,7.18,US,MA,Boston,02108,Paid
O000754,2024-02-21,C0180,Completed,Web,USD,7.34,US,CO,Denver,80202,Paid
O000755,2024-03-26,C0269,Completed,Web,USD,6.88,US,GA,Atlanta,30303,Paid
O000756,2024-03-03,C0377,Completed,Mobile,USD,5.87,US,CO,Denver,80202,Paid
O000757,2024-01-20,C0219,Shipped,Mobile,USD,7.3,US,CO,Denver,80202,Paid
O000758,2024-05-14,C0009,Completed,Web,USD,7.02,US,IL,Chicago,60601,Paid
O000759,2024-03-05,C0035,Completed,Web,USD,5.97,US,CA,Los Angeles,90001,Paid
O000760,2024-05-08,C0376,Completed,Mobile,USD,6.91,US,OR,Portland,97205,Paid
O000761,2024-06-23,C0276,Completed,Marketplace,USD,9.9,US,GA,Atlanta,30303,Paid
O000762,2024-05-14,C0480,Completed,Web,USD,6.56,US,OH,Cleveland,44114,Paid
O000763,2024-04-02,C0170,Shipped,Marketplace,USD,7.51,US,MN,Minneapolis,55401,Paid
O000764,2024-01-15,C0375,Returned,Web,USD,7.51,US,MA,Boston,02108,Refunded
O000765,2024-03-04,C0101,Completed,Mobile,USD,5.87,US,IL,Chicago,60601,Paid
O000766,2024-04-14,C0380,Completed,Web,USD,7.7,US,TN,Nashville,37201,Paid
O000767,2024-04-16,C0029,Shipped,Marketplace,USD,8.36,US,CO,Denver,80202,Paid
O000768,2024-02-01,C0069,Completed,Web,USD,6.0,US,NV,Las Vegas,89101,Paid
O000769,2024-06-30,C0294,Shipped,Web,USD,6.8,US,IL,Chicago,60601,Paid
O000770,2024-05-06,C0316,Completed,Web,USD,6.81,US,AZ,Phoenix,85001,Paid
O000771,2024-05-02,C0454,Completed,Store,USD,4.68,US,WA,Seattle,98101,Paid
O000772,2024-02-04,C0221,Completed,Mobile,USD,7.57,US,FL,Miami,33101,Paid
O000773,2024-04-24,C0341,Shipped,Mobile,USD,6.12,US,IL,Chicago,60601,Paid
O000774,2024-02-01,C0302,Completed,Mobile,USD,5.58,US,WA,Seattle,98101,Paid
O000775,2024-02-26,C0374,Shipped,Web,USD,5.85,US,AZ,Phoenix,85001,Paid
O000776,2024-06-18,C0189,Shipped,Store,USD,3.3,US,OH,Cleveland,44114,Paid
O000777,2024-04-18,C0349,Cancelled,Mobile,USD,0.0,US,NC,Charlotte,28202,Refunded
O000778,2024-06-11,C0183,Completed,Mobile,USD,7.19,US,MA,Boston,02108,Paid
O000779,2024-01-31,C0166,Shipped,Mobile,USD,7.14,US,TX,Houston,77001,Paid
O000780,2024-01-29,C0032,Shipped,Store,USD,3.2,US,NV,Las Vegas,89101,Paid
O000781,2024-06-18,C0157,Completed,Web,USD,6.22,US,PA,Philadelphia,19101,Paid
O000782,2024-02-22,C0407,Cancelled,Mobile,USD,0.0,US,MA,Boston,02108,Refunded
O000783,2024-03-10,C0134,Processing,Web,USD,6.69,US,GA,Atlanta,30303,Pending
O000784,2024-06-10,C0025,Shipped,Web,USD,7.63,US,OR,Portland,97205,Paid
O000785,2024-06-15,C0370,Completed,Store,USD,4.14,US,MA,Boston,02108,Paid
O000786,2024-06-19,C0043,Shipped,Marketplace,USD,7.47,US,NM,Albuquerque,87102,Paid
O000787,2024-01-26,C0345,Cancelled,Mobile,USD,0.0,US,GA,Atlanta,30303,Refunded
O000788,2024-06-30,C0333,Shipped,Web,USD,7.47,US,MA,Boston,02108,Paid
O000789,2024-02-01,C0239,Shipped,Web,USD,6.63,US,CA,Los Angeles,90001,Paid
O000790,2024-03-06,C0206,Completed,Web,USD,7.26,US,TX,Houston,77001,Paid
O000791,2024-05-08,C0476,Shipped,Web,USD,6.06,US,TX,Houston,77001,Paid
O000792,2024-05-31,C0206,Shipped,Web,USD,8.15,US,NJ,Newark,07102,Paid
O000793,2024-01-05,C0052,Completed,Mobile,USD,5.86,US,IL,Chicago,60601,Paid
O000794,2024-05-19,C0251,Shipped,Web,USD,7.24,US,GA,Atlanta,30303,Paid
O000795,2024-03-02,C0250,Processing,Mobile,USD,6.25,US,TN,Nashville,37201,Pending
O000796,2024-04-29,C0310,Completed,Mobile,USD,6.67,US,CO,Denver,80202,Paid
O000797,2024-02-28,C0345,Shipped,Web,USD,6.95,US,TN,Nashville,37201,Paid
O000798,2024-02-02,C0046,Returned,Mobile,USD,6.2,US,AZ,Phoenix,85001,Refunded
O000799,2024-04-05,C0093,Completed,Marketplace,USD,8.04,US,OR,Portland,97205,Paid
O000800,2024-03-27,C0352,Completed,Mobile,USD,5.38,US,AZ,Phoenix,85001,Paid
O000801,2024-04-07,C0134,Completed,Marketplace,USD,8.55,US,AZ,Phoenix,85001,Paid
O000802,2024-05-03,C0240,Shipped,Web,USD,8.0,US,CA,Los Angeles,90001,Paid
O000803,2024-01-13,C0288,Completed,Web,USD,6.66,US,CO,Denver,80202,Paid
O000804,2024-06-24,C0166,Completed,Web,USD,6.92,US,FL,Miami,33101,Paid
O000805,2024-04-11,C0097,Completed,Web,USD,6.62,US,OH,Cleveland,44114,Paid
O000806,2024-01-01,C0206,Completed,Web,USD,6.01,US,AZ,Phoenix,85001,Paid
O000807,2024-05-08,C0388,Completed,Store,USD,3.57,US,CO,Denver,80202,Paid
O000808,2024-06-25,C0396,Completed,Store,USD,2.47,US,TN,Nashville,37201,Paid
O000809,2024-05-28,C0290,Cancelled,Web,USD,0.0,US,NY,New York,10001,Refunded
O000810,2024-04-28,C0235,Processing,Web,USD,6.58,US,GA,Atlanta,30303,Pending
O000811,2024-04-17,C0406,Completed,Mobile,USD,6.38,US,NJ,Newark,07102,Paid
O000812,2024-04-26,C0027,Processing,Web,USD,7.35,US,NM,Albuquerque,87102,Pending
O000813,2024-05-11,C0077,Shipped,Web,USD,7.85,US,NM,Albuquerque,87102,Paid
O000814,2024-05-12,C0112,Cancelled,Mobile,USD,0.0,US,AZ,Phoenix,85001,Refunded
O000815,2024-02-01,C0184,Completed,Web,USD,6.09,US,AZ,Phoenix,85001,Paid
O000816,2024-01-06,C0195,Shipped,Marketplace,USD,8.94,US,NV,Las Vegas,89101,Paid
O000817,2024-03-08,C0442,Completed,Store,USD,3.77,US,WA,Seattle,98101,Paid
O000818,2024-03-18,C0211,Completed,Store,USD,5.12,US,AZ,Phoenix,85001,Paid
O000819,2024-03-24,C0463,Completed,Web,USD,5.98,US,OH,Cleveland,44114,Paid
O000820,2024-04-14,C0409,Completed,Web,USD,7.53,US,PA,Philadelphia,19101,Paid
O000821,2024-06-29,C0375,Completed,Marketplace,USD,8.85,US,NY,New York,10001,Paid
O000822,2024-04-13,C0088,Completed,Web,USD,6.6,US,NM,Albuquerque,87102,Paid
O000823,2024-04-05,C0294,Returned,Web,USD,6.24,US,MN,Minneapolis,55401,Refunded
O000824,2024-01-28,C0370,Completed,Mobile,USD,7.3,US,NM,Albuquerque,87102,Paid
O000825,2024-02-11,C0259,Cancelled,Web,USD,0.0,US,NM,Albuquerque,87102,Refunded
O000826,2024-02-03,C0198,Completed,Mobile,USD,6.38,US,TN,Nashville,37201,Paid
O000827,2024-03-19,C0326,Shipped,Web,USD,6.57,US,MA,Boston,02108,Paid
O000828,2024-05-16,C0476,Shipped,Web,USD,7.17,US,NY,New York,10001,Paid
O000829,2024-06-01,C0134,Cancelled,Web,USD,0.0,US,AZ,Phoenix,85001,Refunded
O000830,2024-05-05,C0133,Completed,Marketplace,USD,8.62,US,OR,Portland,97205,Paid
O000831,2024-02-10,C0084,Completed,Web,USD,6.27,US,NM,Albuquerque,87102,Paid
O000832,2024-03-01,C0374,Completed,Web,USD,6.35,US,NV,Las Vegas,89101,Paid
O000833,2024-03-07,C0163,Shipped,Web,USD,7.17,US,CA,Los Angeles,90001,Paid
O000834,2024-01-05,C0301,Completed,Web,USD,6.11,US,WA,Seattle,98101,Paid
O000835,2024-03-04,C0175,Completed,Marketplace,USD,9.26,US,MA,Boston,02108,Paid
O000836,2024-01-08,C0050,Shipped,Web,USD,6.7,US,NC,Charlotte,28202,Paid
O000837,2024-05-10,C0120,Cancelled,Mobile,USD,0.0,US,CA,Los Angeles,90001,Refunded
O000838,2024-02-27,C0381,Completed,Web,USD,5.99,US,CO,Denver,80202,Paid
O000839,2024-05-11,C0089,Returned,Web,USD,5.35,US,AZ,Phoenix,85001,Refunded
O000840,2024-01-19,C0224,Completed,Web,USD,6.56,US,OR,Portland,97205,Paid
O000841,2024-03-13,C0041,Shipped,Store,USD,3.63,US,GA,Atlanta,30303,Paid
O000842,2024-05-10,C0209,Shipped,Mobile,USD,4.81,US,NC,Charlotte,28202,Paid
O000843,2024-05-02,C0195,Completed,Web,USD,7.16,US,PA,Philadelphia,19101,Paid
O000844,2024-03-13,C0216,Completed,Web,USD,6.15,US,NY,New York,10001,Paid
O000845,2024-04-28,C0211,Completed,Mobile,USD,5.37,US,IL,Chicago,60601,Paid
O000846,2024-03-18,C0218,Completed,Web,USD,6.26,US,TN,Nashville,37201,Paid
O000847,2024-02-24,C0389,Shipped,Mobile,USD,7.25,US,FL,Miami,33101,Paid
O000848,2024-03-15,C0490,Completed,Mobile,USD,7.01,US,OR,Portland,97205,Paid
O000849,2024-01-25,C0194,Completed,Web,USD,7.65,US,NV,Las Vegas,89101,Paid
O000850,2024-01-28,C0143,Returned,Mobile,USD,6.43,US,NJ,Newark,07102,Refunded
O000851,2024-05-24,C0266,Shipped,Web,USD,6.55,US,CA,Los Angeles,90001,Paid
O000852,2024-03-11,C0395,Shipped,Web,USD,7.78,US,NC,Charlotte,28202,Paid
O000853,2024-04-28,C0126,Completed,Web,USD,6.61,US,FL,Miami,33101,Paid
O000854,2024-03-04,C0310,Completed,Web,USD,6.55,US,NM,Albuquerque,87102,Paid
O000855,2024-06-17,C0490,Processing,Mobile,USD,7.19,US,AZ,Phoenix,85001,Pending
O000856,2024-01-22,C0472,Completed,Mobile,USD,7.47,US,FL,Miami,33101,Paid
O000857,2024-04-09,C0391,Completed,Web,USD,6.07,US,WA,Seattle,98101,Paid
O000858,2024-06-04,C0127,Shipped,Web,USD,6.77,US,TX,Houston,77001,Paid
O000859,2024-01-10,C0351,Completed,Mobile,USD,6.94,US,IL,Chicago,60601,Paid
O000860,2024-01-18,C0265,Completed,Mobile,USD,7.46,US,NJ,Newark,07102,Paid
O000861,2024-06-29,C0294,Shipped,Marketplace,USD,8.91,US,GA,Atlanta,30303,Paid
O000862,2024-03-28,C0360,Cancelled,Web,USD,0.0,US,TN,Nashville,37201,Refunded
O000863,2024-02-24,C0179,Shipped,Marketplace,USD,9.93,US,NV,Las Vegas,89101,Paid
O000864,2024-06-08,C0125,Processing,Mobile,USD,6.25,US,AZ,Phoenix,85001,Pending
O000865,2024-02-28,C0447,Completed,Web,USD,6.29,US,OR,Portland,97205,Paid
O000866,2024-01-27,C0008,Shipped,Mobile,USD,6.34,US,CO,Denver,80202,Paid
O000867,2024-02-14,C0319,Returned,Web,USD,5.86,US,NV,Las Vegas,89101,Refunded
O000868,2024-01-13,C0001,Completed,Mobile,USD,6.67,US,OH,Cleveland,44114,Paid
O000869,2024-06-19,C0136,Completed,Mobile,USD,7.03,US,WA,Seattle,98101,Paid
O000870,2024-02-18,C0080,Completed,Web,USD,7.74,US,GA,Atlanta,30303,Paid
O000871,2024-01-27,C0467,Completed,Mobile,USD,7.38,US,PA,Philadelphia,19101,Paid
O000872,2024-01-30,C0447,Completed,Marketplace,USD,8.49,US,IL,Chicago,60601,Paid
O000873,2024-05-03,C0400,Completed,Mobile,USD,5.94,US,MN,Minneapolis,55401,Paid
O000874,2024-02-07,C0111,Completed,Web,USD,6.17,US,MA,Boston,02108,Paid
O000875,2024-05-28,C0251,Shipped,Web,USD,6.06,US,OR,Portland,97205,Paid
O000876,2024-06-16,C0202,Processing,Web,USD,6.55,US,NJ,Newark,07102,Pending
O000877,2024-05-10,C0017,Completed,Web,USD,6.5,US,AZ,Phoenix,85001,Paid
O000878,2024-02-17,C0077,Completed,Web,USD,7.68,US,NY,New York,10001,Paid
O000879,2024-06-24,C0047,Completed,Web,USD,6.27,US,NY,New York,10001,Paid
O000880,2024-02-23,C0007,Completed,Mobile,USD,6.6,US,GA,Atlanta,30303,Paid
O000881,2024-01-30,C0295,Shipped,Web,USD,5.83,US,GA,Atlanta,30303,Paid
O000882,2024-02-22,C0128,Completed,Web,USD,6.74,US,NY,New York,10001,Paid
O000883,2024-02-06,C0154,Cancelled,Store,USD,0.0,US,NM,Albuquerque,87102,Refunded
O000884,2024-03-25,C0363,Completed,Web,USD,7.22,US,TN,Nashville,37201,Paid
O000885,2024-04-13,C0255,Cancelled,Mobile,USD,0.0,US,PA,Philadelphia,19101,Refunded
O000886,2024-04-23,C0043,Completed,Web,USD,6.45,US,WA,Seattle,98101,Paid
O000887,2024-06-28,C0189,Returned,Mobile,USD,7.22,US,OR,Portland,97205,Refunded
O000888,2024-05-15,C0496,Completed,Marketplace,USD,7.54,US,NM,Albuquerque,87102,Paid
O000889,2024-06-23,C0222,Completed,Mobile,USD,6.5,US,IL,Chicago,60601,Paid
O000890,2024-02-26,C0468,Completed,Mobile,USD,6.9,US,MA,Boston,02108,Paid
O000891,2024-05-07,C0122,Completed,Mobile,USD,6.86,US,NM,Albuquerque,87102,Paid
O000892,2024-04-25,C0153,Returned,Web,USD,7.21,US,TN,Nashville,37201,Refunded
O000893,2024-02-25,C0422,Shipped,Mobile,USD,6.56,US,CO,Denver,80202,Paid
O000894,2024-05-29,C0199,Completed,Web,USD,7.33,US,PA,Philadelphia,19101,Paid
O000895,2024-04-27,C0082,Completed,Mobile,USD,5.85,US,FL,Miami,33101,Paid
O000896,2024-06-26,C0177,Returned,Web,USD,6.93,US,NJ,Newark,07102,Refunded
O000897,2024-04-17,C0432,Completed,Mobile,USD,5.71,US,OR,Portland,97205,Paid
O000898,2024-06-20,C0128,Cancelled,Web,USD,0.0,US,NY,New York,10001,Refunded
O000899,2024-01-08,C0019,Completed,Mobile,USD,5.27,US,MN,Minneapolis,55401,Paid
O000900,2024-01-27,C0206,Shipped,Web,USD,8.08,US,NJ,Newark,07102,Paid
O000901,2024-06-11,C0302,Shipped,Web,USD,8.07,US,IL,Chicago,60601,Paid
O000902,2024-03-14,C0162,Completed,Mobile,USD,6.32,US,OH,Cleveland,44114,Paid
O000903,2024-03-10,C0071,Completed,Store,USD,4.12,US,NC,Charlotte,28202,Paid
O000904,2024-04-29,C0246,Shipped,Web,USD,8.08,US,NJ,Newark,07102,Paid
O000905,2024-05-06,C0101,Shipped,Marketplace,USD,8.05,US,IL,Chicago,60601,Paid
O000906,2024-05-27,C0242,Shipped,Web,USD,6.75,US,TN,Nashville,37201,Paid
O000907,2024-05-22,C0316,Completed,Mobile,USD,5.51,US,WA,Seattle,98101,Paid
O000908,2024-01-27,C0333,Completed,Web,USD,6.86,US,CA,Los Angeles,90001,Paid
O000909,2024-01-28,C0027,Completed,Web,USD,6.77,US,NC,Charlotte,28202,Paid
O000910,2024-06-08,C0187,Completed,Mobile,USD,6.73,US,NC,Charlotte,28202,Paid
O000911,2024-02-24,C0179,Completed,Marketplace,USD,9.15,US,NJ,Newark,07102,Paid
O000912,2024-05-07,C0176,Shipped,Mobile,USD,5.33,US,IL,Chicago,60601,Paid
O000913,2024-03-27,C0109,Completed,Web,USD,5.74,US,MN,Minneapolis,55401,Paid
O000914,2024-04-22,C0499,Completed,Marketplace,USD,7.8,US,NM,Albuquerque,87102,Paid
O000915,2024-02-12,C0420,Completed,Store,USD,4.14,US,IL,Chicago,60601,Paid
O000916,2024-05-19,C0152,Shipped,Mobile,USD,6.68,US,PA,Philadelphia,19101,Paid
O000917,2024-03-08,C0042,Completed,Web,USD,7.21,US,GA,Atlanta,30303,Paid
O000918,2024-04-25,C0453,Returned,Web,USD,6.11,US,CO,Denver,80202,Refunded
O000919,2024-06-18,C0171,Returned,Mobile,USD,5.92,US,IL,Chicago,60601,Refunded
O000920,2024-02-29,C0496,Completed,Web,USD,6.0,US,TX,Houston,77001,Paid
O000921,2024-03-31,C0234,Completed,Web,USD,5.26,US,GA,Atlanta,30303,Paid
O000922,2024-03-22,C0040,Completed,Store,USD,4.26,US,CO,Denver,80202,Paid
O000923,2024-05-29,C0222,Cancelled,Web,USD,0.0,US,CA,Los Angeles,90001,Refunded
O000924,2024-01-05,C0470,Processing,Marketplace,USD,10.21,US,MA,Boston,02108,Pending
O000925,2024-05-03,C0259,Completed,Store,USD,5.08,US,NJ,Newark,07102,Paid
O000926,2024-03-06,C0029,Completed,Mobile,USD,6.3,US,OR,Portland,97205,Paid
O000927,2024-04-25,C0297,Shipped,Web,USD,6.52,US,NJ,Newark,07102,Paid
O000928,2024-05-15,C0120,Processing,Marketplace,USD,8.55,US,NV,Las Vegas,89101,Pending
O000929,2024-03-13,C0084,Completed,Web,USD,7.15,US,OH,Cleveland,44114,Paid
O000930,2024-02-02,C0044,Completed,Marketplace,USD,7.99,US,CA,Los Angeles,90001,Paid
O000931,2024-05-20,C0165,Completed,Mobile,USD,6.0,US,IL,Chicago,60601,Paid
O000932,2024-05-10,C0085,Completed,Web,USD,7.3,US,NJ,Newark,07102,Paid
O000933,2024-06-30,C0289,Completed,Web,USD,7.65,US,IL,Chicago,60601,Paid
O000934,2024-03-17,C0048,Completed,Mobile,USD,6.04,US,TN,Nashville,37201,Paid
O000935,2024-01-24,C0371,Shipped,Web,USD,7.44,US,PA,Philadelphia,19101,Paid
O000936,2024-03-22,C0293,Completed,Mobile,USD,6.57,US,NM,Albuquerque,87102,Paid
O000937,2024-01-18,C0243,Completed,Mobile,USD,6.37,US,MA,Boston,02108,Paid
O000938,2024-01-09,C0287,Completed,Marketplace,USD,7.35,US,PA,Philadelphia,19101,Paid
O000939,2024-05-26,C0423,Shipped,Store,USD,2.53,US,TX,Houston,77001,Paid
O000940,2024-06-09,C0452,Completed,Marketplace,USD,7.57,US,NV,Las Vegas,89101,Paid
O000941,2024-01-08,C0165,Completed,Web,USD,7.18,US,TX,Houston,77001,Paid
O000942,2024-05-06,C0424,Completed,Mobile,USD,6.5,US,NJ,Newark,07102,Paid
O000943,2024-01-15,C0344,Shipped,Mobile,USD,7.53,US,OR,Portland,97205,Paid
O000944,2024-04-28,C0354,Completed,Web,USD,6.56,US,CA,Los Angeles,90001,Paid
O000945,2024-06-27,C0452,Shipped,Mobile,USD,6.03,US,OH,Cleveland,44114,Paid
O000946,2024-01-29,C0162,Shipped,Web,USD,8.0,US,MA,Boston,02108,Paid
O000947,2024-03-06,C0211,Completed,Web,USD,7.26,US,NJ,Newark,07102,Paid
O000948,2024-03-18,C0263,Completed,Web,USD,6.86,US,NY,New York,10001,Paid
O000949,2024-01-23,C0039,Completed,Web,USD,5.64,US,MN,Minneapolis,55401,Paid
O000950,2024-02-29,C0474,Completed,Marketplace,USD,7.65,US,NC,Charlotte,28202,Paid
O000951,2024-01-03,C0015,Returned,Store,USD,3.4,US,FL,Miami,33101,Refunded
O000952,2024-04-04,C0274,Cancelled,Web,USD,0.0,US,CA,Los Angeles,90001,Refunded
O000953,2024-05-04,C0089,Completed,Mobile,USD,6.18,US,NM,Albuquerque,87102,Paid
O000954,2024-03-28,C0244,Completed,Marketplace,USD,7.55,US,PA,Philadelphia,19101,Paid
O000955,2024-03-21,C0120,Shipped,Mobile,USD,6.27,US,TX,Houston,77001,Paid
O000956,2024-06-23,C0065,Shipped,Web,USD,7.9,US,CO,Denver,80202,Paid
O000957,2024-05-05,C0338,Returned,Web,USD,5.86,US,NM,Albuquerque,87102,Refunded
O000958,2024-04-16,C0060,Completed,Marketplace,USD,8.5,US,TX,Houston,77001,Paid
O000959,2024-06-20,C0417,Cancelled,Store,USD,0.0,US,MN,Minneapolis,55401,Refunded
O000960,2024-03-26,C0089,Completed,Mobile,USD,5.46,US,TX,Houston,77001,Paid
O000961,2024-02-22,C0185,Returned,Store,USD,4.49,US,OH,Cleveland,44114,Refunded
O000962,2024-03-10,C0121,Completed,Web,USD,7.21,US,MN,Minneapolis,55401,Paid
O000963,2024-01-27,C0258,Returned,Web,USD,8.17,US,NJ,Newark,07102,Refunded
O000964,2024-05-11,C0222,Completed,Web,USD,8.0,US,OR,Portland,97205,Paid
O000965,2024-02-04,C0100,Completed,Web,USD,6.52,US,NC,Charlotte,28202,Paid
O000966,2024-05-19,C0004,Completed,Mobile,USD,7.07,US,NM,Albuquerque,87102,Paid
O000967,2024-05-04,C0331,Shipped,Web,USD,6.76,US,OH,Cleveland,44114,Paid
O000968,2024-06-25,C0373,Completed,Mobile,USD,6.18,US,AZ,Phoenix,85001,Paid
O000969,2024-06-03,C0496,Completed,Web,USD,5.8,US,GA,Atlanta,30303,Paid
O000970,2024-04-05,C0356,Completed,Web,USD,6.83,US,NY,New York,10001,Paid
O000971,2024-03-17,C0115,Completed,Web,USD,6.24,US,NC,Charlotte,28202,Paid
O000972,2024-01-27,C0079,Completed,Mobile,USD,5.63,US,OR,Portland,97205,Paid
O000973,2024-04-02,C0213,Shipped,Mobile,USD,6.52,US,GA,Atlanta,30303,Paid
O000974,2024-04-06,C0344,Shipped,Marketplace,USD,8.92,US,FL,Miami,33101,Paid
O000975,2024-06-03,C0018,Completed,Mobile,USD,7.24,US,NY,New York,10001,Paid
O000976,2024-01-15,C0408,Completed,Mobile,USD,7.49,US,NY,New York,10001,Paid
O000977,2024-05-20,C0394,Shipped,Mobile,USD,6.94,US,CA,Los Angeles,90001,Paid
O000978,2024-03-08,C0126,Completed,Store,USD,4.21,US,TN,Nashville,37201,Paid
O000979,2024-02-29,C0153,Completed,Web,USD,7.06,US,TN,Nashville,37201,Paid
O000980,2024-03-17,C0001,Shipped,Web,USD,8.22,US,NM,Albuquerque,87102,Paid
O000981,2024-05-08,C0364,Shipped,Marketplace,USD,8.14,US,IL,Chicago,60601,Paid
O000982,2024-02-27,C0052,Completed,Mobile,USD,5.03,US,MN,Minneapolis,55401,Paid
O000983,2024-05-18,C0049,Cancelled,Mobile,USD,0.0,US,IL,Chicago,60601,Refunded
O000984,2024-02-22,C0306,Shipped,Marketplace,USD,9.38,US,PA,Philadelphia,19101,Paid
O000985,2024-05-24,C0022,Completed,Web,USD,6.26,US,WA,Seattle,98101,Paid
O000986,2024-06-25,C0035,Cancelled,Mobile,USD,0.0,US,PA,Philadelphia,19101,Refunded
O000987,2024-01-21,C0278,Shipped,Web,USD,6.62,US,TX,Houston,77001,Paid
O000988,2024-03-13,C0405,Completed,Mobile,USD,4.9,US,OR,Portland,97205,Paid
O000989,2024-02-06,C0034,Processing,Mobile,USD,5.9,US,CA,Los Angeles,90001,Pending
O000990,2024-04-14,C0383,Processing,Mobile,USD,7.13,US,CA,Los Angeles,90001,Pending
O000991,2024-02-03,C0424,Completed,Web,USD,6.13,US,NJ,Newark,07102,Paid
O000992,2024-06-15,C0233,Cancelled,Web,USD,0.0,US,NJ,Newark,07102,Refunded
O000993,2024-02-05,C0254,Returned,Web,USD,7.2,US,MN,Minneapolis,55401,Refunded
O000994,2024-05-07,C0430,Shipped,Web,USD,6.22,US,NC,Charlotte,28202,Paid
O000995,2024-05-13,C0001,Shipped,Mobile,USD,7.09,US,OR,Portland,97205,Paid
O000996,2024-04-15,C0191,Completed,Marketplace,USD,9.06,US,NY,New York,10001,Paid
O000997,2024-01-08,C0144,Cancelled,Mobile,USD,0.0,US,OH,Cleveland,44114,Refunded
O000998,2024-01-24,C0117,Completed,Marketplace,USD,8.45,US,MA,Boston,02108,Paid
O000999,2024-06-06,C0266,Shipped,Mobile,USD,5.96,US,GA,Atlanta,30303,Paid
O001000,2024-03-24,C0104,Completed,Mobile,USD,6.07,US,TX,Houston,77001,Paid
