_metadata,site_item_pk_product,proof_flag_item,publish_flag,reservetype,sitecode,sitename,site_number,itemnumber,item_status,site_product_premise,frontline1_case_price,frontline2_case_price,frontline1_price_per_bottle,frontline2_price_per_bottle,liquiditemcount,site_bottles_per_case,item_closeout_indicator,innovation_item,division,item_status_cd,item_reason_cd,otc_portal_community_visibility_cd,product_badges,required_license,excluded_county_numbers,control_state_item_id,pricegrp1_promobrandnumber,pricegrp1_promobrandname,pricegrp2_promohousebrandnumber,pricegrp2_promohousebrandname,item_sales_company,item_separate_pricing_ind,street_deal_no_on,street_deal_no_off,street_deal_no_any,item_sold_by_desc,item_sold_by_cases_ind,sales_aggregate_qtr_revenue,sales_aggregate_half_year_revenue,month_over_month_sales_growth_percentage,year_over_year_sales_growth,unit_sales_same_month_last_year,sales_revenue_same_month_last_year,unit_sales_rolling_yoy,month_over_month_sales_growth,month_over_month_on_premise_sales_growth,month_over_month_off_premise_sales_growth,month_over_month_any_premise_sales_growth,sales_revenue_on_premise_same_month_last_year,sales_revenue_off_premise_same_month_last_year,sales_revenue_any_premise_same_month_last_year,unit_sales_on_premise_rolling_yoy,unit_sales_off_premise_rolling_yoy,unit_sales_any_premise_rolling_yoy,bestseller_off_premise,bestseller_on_premise,bestseller_any_premise
"{""_dataos_run_mapper_id"": ""mock:redshift-inputs""}",9YEV7GNTNTA71G,SZNN6R13JODMCYL1O97AVFBCLBOSLF4NVYZYMU,I,IG8IADN9NJRAX69SR6B5XE21W7HK7219,H,ONELAKEHOUSE_0,170,641595,BW0IZJKYI6P8QIU6VMMZIXOY3NEL38ES,OT0H5SCPAD,366511.23,333372.7283,-445985.89,267482.32,1567626,5171913,OG46ESE9SZQKA9224X21Q5FC4L1F0LTJQQQ59RB,BJ5B2AMHTU8A0KOP0G29XKBZH71E5CRK746AWJ5OVYH6H8J,RD75S61D12ZIFP07H76VX1LTWPMFJUS67TZGN,N,N,F,FRP28A0BZT28PNQ,YJP4MQ0XD8WYJ1,50YNH93VODH9OKGHLO2QPFLTW4RWQ3,72CH2ZYKD20PEHXFRYQ,7975814,ONESOURCEPLUS_0,2088716,SGWS_0,8723689,A,YGM71TFY4WKCX9NMLCI2ZO1W3DWVRD25LZSFPD644Q37G2RE6C6N8WQ,07DK40WV7LP2DD6JF9Y3WMQUK0Z65J8O8DR3ZGD2M613DVCA,8P0UR7E,DESC_0,Y,403013.08,394589.25,6344.71,620.47,633.91,339816.34,9240.59,6500.01,1187.61,3437.28,7688.19,399062.25,291994.01,345476.33,3965.11,399.38,9813.41,J3EJ2LB2P7XX76ANEGY81Y,VQQDNB3VF6CO63UTC09RNMOP7L0Q4Z1HP8V8MPF,U3QSFKA8691NFH0L24G9XLXD97G4D
"{""_dataos_run_mapper_id"": ""mock:redshift-inputs""}",P5PXYRVVXCXLNKXSQVUVKJ5LXVF6YS42SF0QMHZMY3B27GYTS882D,HIMEUMF00,C,IHWS63VDKUNKMZT6UJJUM0OMAFP661XV03CFD0L,I,ONESOURCEPLUS_1,170,99142,ROLGX5HFA8H6MPJ2NZS8TRUSM1VVIGKOSZEULNSO0T1MCD7NJPJXVTGU,6BAUW9CHYQ3SFP8OKSEEDQXCBADEH72TS7VCH4R2I,220840.46,260175.7678,166308.43,139048.94,8243976,4825576,L3E2ZB9Y684JUA1J00C16J8J80JRH405R06VKGU0CIVV,KDXPSW3UHTV793HROVPE1MTNBX6DSZ5XZJB22JL7HCK,E97X7G4Z4RMT2J88PPG74T,1,1,J,P5U7FXT18QNQCD98N,F539VQ2W0WGWAYZMY9ZQPKW2S40G5M6T2DWMW79HB0RII9YP,CYVSZKL4Q5C5UPR9432,UQ3G27XYV431OAFBLZZ738GA0ESNHNYDX7HU3VPGDV4EDWR66P71YN,453393,ONELAKEHOUSE_1,5434477,SGWS_1,2076205,S,SRJTF9JL4OW8PND0Z2FOQO7BIT3SH71Q,JJG1EH1AEH54E7,PX3VYOXHH,DESC_1,J,96.20,262485.24,2607.13,1909.39,97.28,446315.09,6018.75,567.71,3340.19,506.16,3521.97,325229.89,457000.42,26186.97,8696.31,7245.36,4731.29,VGLGMGDA8JEJFNDI4IXAXZNCEVZNJ0T4MILY,5JKDFPB47XTVUJ0NJM52S9OJ6MBN8ZL,J65C4H427NNBRP6ZWCR54P5I0LWQKT7OG4G8CR8Y1S56XA4
"{""_dataos_run_mapper_id"": ""mock:redshift-inputs""}",2MSJDQZBSSI2K3U7ATQJTUKUIF3MLP9E4Z2FIPHR7KKE53K3ORCW50FAISS,BXD0DODO1EVJ1IY8YP55AI4CM03R7I21U3S4VMZN9K5CB2Q89IBOP6,A,CYKWSBO08QMMSR0BPX7,N,SGWS_2,60,173975,XTLH13H,L2L20TUQ66XKS7W,54525.89,191223.1639,-73980.09,234616.78,573325,5879894,VORSLQ8UNAD1S0SPTYBMAP484U21IBUS,7GRA9LG7QT71K1T60LECL6MS7WA,4CFEDX65DAYD99DUX166NZ2291BV8PMIC273K7DYR0206,F,E,S,PRY9FT7D5F5YQWK4FARTTEAH4V0QS0T,B354MYDNQTV1UVABVVRMM40K1,4G8930E6OIQ1YU2PXD6K1J15E8SSUOB12GF9HN8AV1JHDK,AJ1VWF41E72UJQUB3TEYT5CV4MF4IM0AKB940MV2XMEQBVO6MQ27YLKE,7198003,ADVANCEDSEARCH_2,1464787,ONELAKEHOUSE_2,6515341,F,8KBVK5VK5RNAIOE36LETKZN9DV28YWX2OPB9RNVES,FLEMR0EOQ93ATY27FYM4,AI4NGGSJLRR6,DESC_2,F,175145.54,369619.11,2770.74,4538.60,3986.03,112327.41,3629.60,8111.00,9920.58,3723.96,4046.09,31873.75,215257.78,108214.05,5366.95,7951.17,6855.49,U1V756T15F229TFYBSER7DUW58Z2WOTBCTIMNJ1,MJ63NE073LV0JVFUUVC0C0WQ8,W09NLY468OEGU6F49S7JOM
"{""_dataos_run_mapper_id"": ""mock:redshift-inputs""}",66E,6I9OILS3PZ144,N,7007SDO1TUVUQIK00BXI7TPAGBUI1Q43J8ZTPTRAQOX9XQKOA7TBEZO,J,CUSTOMER_3,20,498128,O0LST,MXZL94XEWB29TCYMS6R3WV5YS9Y3KE1NBHU59CWNM155M07,344823.74,62122.0084,310977.95,14417.33,93781,4636857,HK6GLP0LYY1D63WPYJYFQHOYX8OP3RR,2O6CNJTD646TC1XOFLA6EYW56APKV,FLVAN4JZZOVUTG9DCI5,J,J,A,AD3QSPIUNNA,GTWE2KYTR37XD2EE,GJBW5S8G90C28EQ9URIG7U4C0KRJBHPN1KMIYYLFYGKG14T9H4H,X2BFVAAVKEW,6629992,SGWS_3,1033041,CUSTOMER_3,5895555,0,2TTNCS97K3FKF5,RFWEX8GTN3O559US4R3AUNI6BAAO0SWM0S6V3R8MB9KZJ0,GSHY14YIQFNCJIPOS,DESC_3,A,169186.46,439700.47,-6065.30,349.18,834.52,434493.74,2722.38,3989.39,838.18,5847.06,4226.31,44590.78,40639.33,346622.49,7098.48,9871.11,6741.23,V3ZYC6NON50ZC4GMRTGBYY7Y,G50B4K762WF9Y77ZKSGRQRP,1NW9PWUE7788C37NMFJN8WI386F5LQQBHZHLXEIILJXKQ
"{""_dataos_run_mapper_id"": ""mock:redshift-inputs""}",47ATO2VKCLOV7RY9R6E7O2RU69L3OHH8W224N3FDIDBGSHWI3K,2O00H0XX34UPRJRHL8QF9LGJ38B0O4YJR0S2YOBZIG9J7M,F,VHOVGC39AAQZW8FWU71UF7QK35AYV9V5ID,C,ONESOURCEPLUS_4,60,325646,M9X2OSANHTSJ1GSFXY3U0JY8DCNG7RCIZO1871YRNKXOG2CS12RHU,BKYB7GGRMN,382033.49,408233.9528,39592.93,263654.49,9489394,6773989,EA4WUX09DZUA7674I4GDQ5,UT1R9W16KTSHBM84XRPG,FYGFKZWG80C022UMV3FL41KUJAUUAACWI8CSAZPHCZF,N,A,F,XXEDU220E30VKMSGPEVNFXNGVD858TPK,IC71Z5E0AG7ES7X96YEDW1D71ORITXYGV0UNWHFZDSB13MRN7FLZ98M1CGNR,JCAC0C,E2Y8KSBUB076E6NS9NMMMFEH0BISHP4,4604221,SGWS_4,5665861,ONESOURCEPLUS_4,8935648,I,6GPVQW1D6WD58LNT68T0,V3WU0OC,SFHSG7I5,DESC_4,Y,245280.25,10898.12,1470.02,283.55,3100.91,340346.72,6829.30,3722.85,4872.05,8304.55,70.54,161205.57,278589.84,60807.61,2601.47,5217.87,6283.80,Q84BWPRYL8FOTXMDND9T,WBS3G3LAGUG6LDJLII6EZ3EYWTRDJCP5N0ED4IHK,BJUZ2EYSLIMXYTCXZLF4AY1VR6X3QT5TUXD4PGSFB70BZTPOXHV4CPFWE
"{""_dataos_run_mapper_id"": ""mock:redshift-inputs""}",KZKUYE66GI9,MSDCDK9509H1QJC30J62D3X51MONAI,0,0045B4Q8F5TXK35E,C,SGWS_5,20,359671,3U4AISDPM6XZL16ANSLTML9P656EZ90D2ZV9S1SZ1BJ4CHTS6OCCTK3F1SJ,VN8FPV9MZUDZDH1GYR3KPQCMWNZT2M56EB12R4445627K15BGWIBD7VAAD3B,443855.81,73846.1154,235659.61,389507.24,9334209,1288439,RCQXHC3TJBYK,ZNVFBCBTVJGQTL62AQ0CJNLK5FUDSG6M,EYCLSYZ5G5C78YVWTBEYRFSN2WD3FAODI3D,E,A,Y,0KWXR,Z895USMLJTUX78WRU3NKVIX5CGC5,XF3,BY85UUMGPZ9PITA6O6F87D9T1RU,5179630,CUSTOMER_5,7778116,ONELAKEHOUSE_5,8465897,H,XDQ9ND1NQO0F4Q94Q9998UYPRBE3U8G,V6TVLSXMHPFXG3HE854EBZO0JLCGFVF83ZAO20XYPWMLEZ1Z,YTPSR2JSG598,DESC_5,E,143676.08,277107.11,3680.20,1210.53,3598.23,339643.24,5489.74,495.07,544.31,537.99,5339.90,378428.99,446206.90,-214182.27,888.36,9932.23,73.25,MN6Q6VV4E1285GK4TXETI3X776C48TFMNGBV,YJPPZBHLJFYUFNVH5UOYZNNYMMMJFBUL0NYJSMJL69DWB5QYL,OIUTNEOP4SWSDW34898
"{""_dataos_run_mapper_id"": ""mock:redshift-inputs""}",41CXPWR,JQ7Q9XJ5FR1GIJDPP6Q7XK7CSO2ZFAMPU5MS3KE2BZNXMNWA96,H,FLG5IWHKPSA1C1PJUDNDON4867BD9,E,ADVANCEDSEARCH_6,20,521801,2HZIL3OWTW5OAXJZOV9ZYAXAVTACQUVGKZ5GK2E80RKS7T22YHM5U,PGTXOX9GXSEI7TSQIQQC71NPMQDKMH,238744.41,312485.8519,294815.13,260233.39,4346424,4586765,KPC3EOUSP6NXRX0G,73EB,74OIFCADU,E,A,S,MTS7INLKGJJII5PDO6,0F581VPN2971ZU9NBVTI88R50RTNT5XBM70KS378QJJ8W1Q,NIT94TQ1M5QIM2XM3BDLY7NW5OEH852BLT3ZH4Y2QPB4A,NT490V17BW08LGMVF50EWR6KX527JJ7QB7D,1100977,SGWS_6,6430253,ONELAKEHOUSE_6,9740520,I,50S7MAFQYN8F,ZNFOK,XO0VN1U7,DESC_6,N,417116.34,401664.73,8245.93,9414.68,6105.06,418734.18,9344.80,537.25,5931.25,8762.03,7563.23,282542.19,128288.54,306200.07,8417.21,6039.15,4504.09,AHEX775IN818J2SWNLFUIAOB,HC1CZLXBL5GTHKYQ5Q7FVCPAX7CPLGUCCWUDIG4O995F,KS5TGM52852G2DP804P7N0WIFSA3Q3Y6AMO2CZZH92TULQN2GLEHUN5CB4G7
"{""_dataos_run_mapper_id"": ""mock:redshift-inputs""}",Z70UKXKV2FF1HRWZ2CVJVCD76H5S20D2ZLNPBZU8TLJPDBRZS,SAHT3,N,46S6PSIHTIPO0STLHIZX6Q906I9MTZ2BHCZVRH3V8TPN3,S,ONELAKEHOUSE_7,1,64616,NBTPTEUZCW4WM4ITHSWNDLZ26L8ZG974ROFD2DIV1PYZOMX4FVDDDN,31EMAIMLN984QXLZKB3GO8J92KYS8KLLK46DD7PXF9GK9J6DQLCFLO,147271.33,486637.0991,329943.81,276799.84,955340,7097581,XFIFNEBK1JOKATLOU,7TFZ6ERO4PD3O7H0F,RYOEUDKH18WPWLUYIH6Z6MKDBSUYA74,C,E,E,NEEU,5GYO7C2R4X,WBFZY0SYKH0VG1MF5AO13N3VNHLZ2TIK642K,TZI62NR5A3X8AP89G5TV1,6042883,CUSTOMER_7,740344,PRODUCT_7,4977529,N,GCQVATKZVA5Y9F8J2FBRY98CQ6ROMI35NBYLF99B,WG65UY9WBM7JVROJQCX3KNCBPZS5PT5NI9VAOGC2LFY1ENIME,C6W18FO71D0HW9A5VPR8JH6VEGUXPBAD1VA8XJ3EHI626UX91,DESC_7,N,396923.94,254822.46,1878.98,1267.92,301.68,397400.97,2686.05,1552.60,9055.48,1070.47,2207.73,75952.56,308270.73,237442.74,5325.36,6153.26,2568.69,6HQ3BSKYL63CL7ARCGWHNDOM2XZBKW4X0A6Y3KT9DHUWE689JJ1GN7IA,L34M5C1ZUNYBI5BEY99U4W,HOPH
"{""_dataos_run_mapper_id"": ""mock:redshift-inputs""}",1797L1RNRVPLR0D5Z560FAEN9Q63IV8H,1WGH,A,3H3SCMRSK5S2B346AMPWEKKCM2XOC0P7NO9N085VN7MERTLRA80NM7,J,PRODUCT_8,170,859105,HFS3N9658JLDCW7EK5B59ID7ZWZXT9U99VQ68HHQ2D6VK5NS84EN,CIM2W0SXTP,78989.80,317925.9038,463023.84,-130403.81,9056612,211178,UT9OTG8KKCIF2DY2VEEL,QEX1S3WBTWN18RVD2Y46Q3WYU0H7QJF4QAKLFRIKLYCRQHDF,PSJTD45U8P5CIQVCI1J5,H,J,H,Q30,Z946SYCLD8ZQW6EGIK3UZPKJJXHAR,OJBKN1QVUAZI2YF86IGNO1TZ4RNWPAJ3IJCR3D2PUS6P4ZV6D6AMMAZ,DCUADUC9RROZ8F1VNJ9QR3IG499H53ISAIGBCDRS,6793753,CUSTOMER_8,1105165,ADVANCEDSEARCH_8,9636490,J,MA25GKU8H1ESIBI6U5SEIBEVLG4DQPKQ3EGMHIMMQ4,WQ6Z7Y5UEGQR00VHC8ZAIQIA0AZ0CQSF8Z3XP14YL52HWFM6BFRXQ7,1O0389DL5S0A3R6NF1FEIBDP7SNQUUFUNF815QMP,DESC_8,1,354056.46,419357.02,-1556.45,4112.55,8121.32,218220.75,4285.57,5482.92,8418.99,6778.14,8671.34,496011.75,428822.26,301218.88,446.96,9251.82,9696.64,TJ0PMCICTHIFH80KLYEJPVOLFP32M7QRGITAJVMS9KTV303SE2O6F1XKX8,08SFB9OAOW5KQ8DW2CKG,5SAHF8UBUJ399YA20YZTJKBQT771MGGEY
"{""_dataos_run_mapper_id"": ""mock:redshift-inputs""}",FGVIA5A4GML1YBW9ZO9V93748ZAY13K3B1VP8N38V3A6BJKFJU8NJ4,3MPLOTHEKJ2ZFMXJDGA94INMGEZV,S,0DX,J,ONELAKEHOUSE_9,60,586184,QY0NOM9H210GFQ2DU,P642O,267930.26,191670.7777,295927.91,206655.09,8180913,7800208,4BMWSD41269J04XGF7UL8A9KN5IKDIP2GJ493DVVO88,RSGVQ0SCL4O7ELU8L3QAFV7,JEJOHCL2QMMM1QQP8SM1,H,H,N,3KVX20VVJYW6BKJUOKX,NU7384FB3FF,GUGESK6YOJF3JWDWWL,QSJP4ULBUO8OY2Z0WP18RKD4E4JWWA2T3JHN5NZYRBPJX0PFB2WAK7E8KC,6549833,ONESOURCEPLUS_9,8210174,ADVANCEDSEARCH_9,7714972,A,J3S321,ST9RZHCS6I94LQSEWWEG87N77RFZDE0P6O4HHWVC4LDNDUSCCUBDZ94CT,AP68F8O4ILG8F1F14DA0SO4YH,DESC_9,F,93235.44,200287.14,5618.15,8439.53,8711.26,459264.65,8691.13,6825.48,7442.38,9426.61,7595.52,426777.41,126051.46,378040.63,5876.53,4092.48,3971.27,TO04ACF3NWJB9WCP39P0H,OIN86B5V83P68PTAIQLH9GCLQDFEH6398AYYJ4C2N9OBMA479M9ARVBRVK66,Z07R4B4TJTD0KW2T7
"{""_dataos_run_mapper_id"": ""mock:redshift-inputs""}",54QIJ7UFTXEQTEI9B1I,M7LTV2D25R3YM11A3EH9F3IFGJ2RDVVF3YGPT6YR687OIEZEOWZR,N,9I7D8GCVB0H9TOTT15NOL0CF9VD9UMCHCB1GDSB0JPY4O0W12Z869TY78HQ,0,ONELAKEHOUSE_10,60,931129,FVA4WXHQJS4QPJ9CURIZW,WRIYQWMJY9NZDBCSPEJ2UQJX6IH35I,13590.60,250283.8166,445264.03,257127.43,3619013,3842932,BJIDYHAW4G,LDYN79O2EH5IIRJ0OVIQUYH3H0,UH8WYHSC7WTHMQ54GA2242UE7F5CT7WTAEIWUEYPVMK66T9MHL2RLP,H,N,1,W4OZNLIQ97FNGOT5OQ75Y5YAIULLD3RDSBFXUSFL,R3T4B0B8RPK6BS2LE05CS9B,TVEPX5M04VFVTYNOTLPV7FVXY11DY0CO,DBCA7J5IJ3Q0R4LJFT15BWDKPONM3HL7E5J2BJSMCKFP,8165726,PRODUCT_10,2268021,ONELAKEHOUSE_10,4925782,E,DGHR1ZBFR0FKXCPBEFBEF9D3Z46HOGQ31Q4S50GG,FRN45SZ2WHTJOZVCSV4C1CZUPDYQGVMU6V0NHEILTK8ZY7ES9DBIPKCJ2V,TUUNTR7Q48RNXJLPCXRVESPUS0G,DESC_10,1,201341.70,55227.64,3280.55,8249.03,3645.09,490424.83,3918.63,1424.75,6217.25,4892.88,5129.83,315703.56,173984.39,489493.22,-9822.44,9124.33,2871.01,JBWOQGQH4MJLREQ8ODXXCB1CFR6ZH4DO6,XD18SEQ2WDSVXI7PMXTMZL1PFL530C6AHFLZQOIX7T2,OPQJSOV5OFTMI0MZOCVJR316ZVVRSS27HB8GF775YG1Q57KAGELWT5
"{""_dataos_run_mapper_id"": ""mock:redshift-inputs""}",UNVTDLLPG1TAYTU6AS23QSIXB,A9N4KRVDMG9IUWKK8PLDW1ADO9OPHX2NWD2URN4IPY10TAIS,N,PRFRUKKSKLBJX5YG0MQLZK4Z4MKPA,H,ONELAKEHOUSE_11,1,730070,CLU2WGP6T4BE69M4FR5DDW96J4X2EVED0W,RAQ88KDVPB8JQDL49DMYX11275KB5RBCW4JP,119781.37,469752.0095,-419334.65,70680.85,8130267,9939427,GO8F2MW04L9S99DMRJYSHL1,K7TX,YOQ02L592FXC7Z71AEOUF0PQFSGMD0X3D8I4IUNM1OUAAHHVUIZCQ6FHOS,F,A,A,3JT171AYL4KJSE,GSNX2WIC,45PCQ27X279H2OSWVKSVGJ3NGQFKCK2,0UNPPV56HXIJF1SRQSJT7YD3QQF03JNUNDSRO1I5WO1VS6,3937593,ONELAKEHOUSE_11,5072081,CUSTOMER_11,5363487,S,BOZEYD1XN5TR1XHX8RI9DBYY1758JEF,7S67RK9RO9YKYLMC5STZ5ZZOEK8G8EQ7039O7,C9PLXV1R7ZOICYHNCD3IXLP0J23DSWBHNFC1TIX06178P6DULPQ4UNDZCXFD,DESC_11,1,210836.28,117086.58,3801.59,7354.43,2881.32,135783.84,1862.74,7291.33,4291.61,4706.88,5353.30,69978.47,1949.64,125250.19,3431.29,2239.01,5263.09,IG8PC692PG0ZYUULPCLEC3ELNTO42YLY8166KPONXHSBUFC4ZBZOQ14Y9N,9U9TZTKGW,TDW43B2UT895MN8YR
"{""_dataos_run_mapper_id"": ""mock:redshift-inputs""}",271EDZLP0V39U4O8THTV3MIWQ1PAL0,VKHBXPU44CFUYLN402TN2KRR7Q7Q,C,WLA614CMM05U0VAZ6P95TNN,S,ONELAKEHOUSE_12,170,641595,912WDA6SYQP8U6BYYM,J18A4UAJXHNFCLB0LJW3WU3KZ49CUNQI9UTHS6E0BOBQZFV3PMC7KH5VGXB,408573.75,382981.9671,252611.52,291163.12,8840863,2220106,EHC84UBESXD05VX2ETYRVI0,4Z2,8INAU17SVJY1XBOXRUI4H2375KK,0,E,A,YEDGF,12M7LUGF6FG3ZHHI9MYDJND4ZJYPGHSU33A9ZHBEL09B1939T7A66UKPWUB,V4OIJ8,O67Q1MXUAXZ998ZWVW5P4DSROFEDX89FX5VS6KS81CMQ2PRHZJEVPQ5,5374899,CUSTOMER_12,6773722,CUSTOMER_12,1933962,C,BF3EONCNEPJAQCYBZ2NFYG7L37VA0P4HYGMYHKQRW680LPCBS1GHT50UY2Q,7RYNPM3520HIF2Z0C,HTPAZBIG0F3G,DESC_12,J,495349.90,464938.07,7421.27,5781.00,5014.05,290138.17,8690.22,6605.33,6521.63,4992.75,4873.87,314604.63,152714.39,119678.05,4596.04,5546.01,1859.05,RARZOP6707IG6ZP4AF89L19TDP7,JNE,RZ6SC14HSAMFS94PD2WHAAG0HEGUR8TVL1PVXJHSN
"{""_dataos_run_mapper_id"": ""mock:redshift-inputs""}",E7V7YS2ZLAJ49581MRAFV8TQ7U0YT5RIGASN,65BZFXC0EVHLVC5VHFRAQP2ULNC2TK81M96,C,83NP61BADD1FRE1H8J524L6C2AMLGXA6,H,ONELAKEHOUSE_13,60,64616,US8FBBIG96PIJ60Z9GIV2WI,3KAF6EGSDHIP50H1LLO70ACY2NMJGJKG4S9CL,236109.21,421276.5883,365430.14,487330.45,6295100,7406387,DKP5HP94A0,BVGS3ELN2UKL7PLCLKKC9HL35ZGDBAGPKE0JGKLBYZGJHWY43NS,LXMLOOWSHEML9Q1NB58DN1TMLELD3GNR5U8NQZAIC0PELEYU8C3TQAM,Y,C,S,IP3HQGK3KKY40I44,2KYXL8AP9Z,LO3HK80QDCB1,4HBZZ4GK9786ATSVPFE1W4VCUAM52MMDMI,2760966,ONELAKEHOUSE_13,4627787,ONELAKEHOUSE_13,7971291,S,I80HFWINLP50150CVR7QYYX9QTO39MAHXC2Q36SQLLQ8S,WVWKR9ASNBLLABYW5U33JK8GTI6GUV3M1UCLUUAOVO9I4WI5W,PI7AFC8Q9DTW9B72QE4VDK1C540WCHA8Q1KUNT29MK00D98PV4C7196,DESC_13,N,220754.34,400722.81,978.55,1455.73,8193.19,306411.96,6559.53,7141.52,1894.92,4671.95,8350.21,77437.96,37030.30,145662.02,3608.41,2294.75,6375.85,BS43XMIOH33V8DA01VFYWKD,J9RL,G8I1EWZPD8NC2A26UFYIAM
"{""_dataos_run_mapper_id"": ""mock:redshift-inputs""}",RTAZNSL,72O6R80DN8LIIZJEWPU1DY2YI3MCS5Y,E,8GRQL6KTDSO392XBU2HSW655FFJ6EQF1S,C,CUSTOMER_14,1,715328,JHY0H50RYKBSNNUU17PE218P3DDZTOY12QEZ,6854JTG,486919.71,52591.9062,125734.81,227006.92,7315472,838155,3II4812J2M5PJNGF578FEMCNG29K5QMIOVCUCZ02TEC9,GG7FQYRWG56G9L6DBK3NV1QSZH2CIRPBED1,SPPHL95Y2311JEJEATFVF,F,J,J,V9WBWX2Z3X04RUANDNSPK0GWFE4MFBK8PQLH6OCJ6KG,K6GF8VMPSEGZR3G87KOIK97VCV4ADL4NL5C8AVXIHIROA5ZU9,GL0WVLEYB8X4HC3GA7HK3TN6N,D0G7EP2ZSE04,9933133,ONESOURCEPLUS_14,7553737,SGWS_14,2927935,0,O5ZVHZ2JK34LIAL08HGEG26QB5KK,1OWNKP465GE0EYKV5IUXUN3VCTEEVY0OLY7S4OHNLYV6280IR1NERRUQE5Y,BM65SWV3ZX07624Z5E,DESC_14,S,97128.28,437073.76,3493.99,345.01,9828.56,127086.63,5861.47,6821.49,3550.43,526.13,6172.47,50056.57,55826.48,344563.50,822.44,1620.38,4897.09,2DV79VW6LWQ7C6O2VWG,JHFEB957CAGV9WVXHTOO5JPUEKS6HCTGV3X0SOM7L7A3ZG,TY9HH7BJCPDDY6O30ASAMMR16A1NADCO1W1OLGOZ88R33N9OBSIRO8EGQ
"{""_dataos_run_mapper_id"": ""mock:redshift-inputs""}",CSMF,2T3LXOKB7S,F,WMPTOXXS3RD6TI2TGI3AW,S,ONELAKEHOUSE_15,1,177211,32HMU7QKXZ85CKWYEF4HTZ19QXJICDSANYYEAZQZ4,3S6KPWQL6CJGIRM2H08FQUJJWA5RZI1BID,431744.29,293372.7864,435113.98,309541.13,7768092,4709734,H5YA0TC3TXVDV0YLBVP,8DG74IMJUB0NOCYHACSHIWA7WFCN1N6M59V82AODM8,Z00K2HC,A,H,J,JPK7N112WHADJ7QVQ2NN0CCX8,E92,YX8SFUE08V7JRN3YHFGQ4I7MEK6UTMFAIP48ALIGEBIINGN87FDC3BP,U5GPGGGE0OT10U55VOG31PIPIY0EGISP7X4BUG7BORSAA7S7IP7S7TPE,6109314,ADVANCEDSEARCH_15,297585,ONELAKEHOUSE_15,2722379,I,YFAUEVGYVHZSM9OC4IZV2BVV6WLQL9U5L1DS4IV9D7TNV1KIM9D8YRKE5B,QF0JIEJHVU9QHY6BEOZI2HIEDGK621TNL0GBZIY1Z7W552O0RHC9HFK,9H0CBE2NB104SKWQB27OYBV8TCSPKQGWVX4IC2IQQFT1KLT,DESC_15,J,457150.44,383967.83,5635.45,2826.75,3131.20,60581.63,4054.38,8593.54,9703.20,2230.21,1281.80,445953.95,114516.32,31540.42,3396.52,4221.78,9808.83,RXFPZGORK8HL3P2GDAF3GKBMPDFSVQQ8,ZGP210UHWUXPJ3H1C4CRP4X3LQPSL7RCF93GVY8HBOUWREFMG8XDSD8R27,CW01SIBX09R34
"{""_dataos_run_mapper_id"": ""mock:redshift-inputs""}",UF602MPTY6W0M508UXH0GI927XVX8VY5HAQ5A3GLAZ2,JLWV3AIFDQLKDKCD6AC4RD,F,743DNWVE9F6YSVFE8CL4WZ,N,CUSTOMER_16,1,443182,N3QOE8WF20N1DRWNUM3PP0372A,VUXVCBULXM7Y7UWFQLHHE4ZUDPRFGY4MFZ0SHRXCSMEJA9S1P,97747.63,96489.4646,250374.25,81892.32,6024146,8077495,8ZHOK,CYN9XKYVZQTQ456M0CC,3CQYZOPP69N5GCMUVH8SMWJPZ57HRZ4C,E,E,H,PUZCKLHOPLFG1,C6R28L556614WW8W0HTPD2D66P51DWB0MYFWXQXND28CD51O1WP,MMADJYR64K53SMSWMALP5G9RWZEUZ6AX91ACBWUWOCRO4M7DVAA9KAMJG,0L6B1,5713878,ADVANCEDSEARCH_16,3110594,SGWS_16,2964675,N,Y87FJP5S5ZU6BSVRWCQX,UPWPDXBUV87OVG4REBEPEA01Y4J5,DOX,DESC_16,0,93141.05,91953.31,8856.17,2025.09,934.26,359613.12,9282.14,1248.52,149.83,9802.94,8170.01,494229.60,155914.79,-227934.57,5861.27,5231.84,3943.11,9TFWP0V52K5A5CWPV5PQJ,T25UDVF1V9XJR6ZH4RT0BB1IBNW04U2OLYUT1IKQNQY9HWDGFO,7FE556FOQPQJUZI3F9QGMCTKH48KYHNDPG2Z
"{""_dataos_run_mapper_id"": ""mock:redshift-inputs""}",75RXUSY3BRYHTP74G120OW96DMG03FH98CI2TYT1WGLV5PP1RX,46MZNAYZP31JL0824QI,F,YZB5BZG375,J,SGWS_17,1,881770,0WUBVRJLY2ADL6FXC2H0CH9XX4B0,RNEM8JQC,229378.14,419290.4045,155939.18,247601.44,5524795,5897267,EVS8U1ZHXZVKMUNQ58OWUXKQ1,MJ5UHMUJYOB229XJ2AFIW54B0WM3S16CKPLT1,PUIM05S12LG85I3QGIQCVENU5HJG6VKQ46XV7KLDBJ8ICPCNUUCJGGAJ40,A,Y,N,6G0SY8GUN7Y1434V3HGUD1K87QDR1B3JIHRNW01G5,QK0OJFTEUQ81IJ844MUHAO5TXV76TUSUIYMYGOJORW,O5Z,AIQPQNWREQKFA22SEWKNJ5YGXHB,8505538,ONESOURCEPLUS_17,1206844,PRODUCT_17,1993172,A,33APQ18BM,661EWNTY2WWOFY8ZZCFIXGYLU1EJ9SLOCSI9EU19MT0MDP4,JEGEYN22WMANBKSARQTBHTWLBP8OT8PP6YVQT4FN93XFL1RE,DESC_17,E,120645.60,197303.31,6073.03,9541.51,6209.28,61443.06,2674.33,8056.59,7021.96,6669.61,3482.67,103280.08,57537.08,467050.64,-4483.60,-8953.95,5665.41,O2F5PK9XWOTXYOI6PM645VTU73DXRP09A3BG3,Q3JYI7HVHFB3XXO,HCE9GGYCNLQ3TGJW864152Z7BTQ30OU1
"{""_dataos_run_mapper_id"": ""mock:redshift-inputs""}",M792718ECDMQON8GPP1CG3,IDFJ3,Y,5FVALHLR5VOA3WHJNZA8YEGZ6Y933PR0WO,0,SGWS_18,60,836601,TAWZ3KVOAMRTFSO4EGMV4GMQI4VNCOMFEXJPMZDA8DTL3SDGX5C8,PZA1DL4Z7WHU8O6BNI8YPXGZO3BXEER,9647.14,323019.1709,174288.65,47379.43,6646480,2056073,U7F,KF6AQF0R6CW7BA8Z9V,J4G92Y5LKLL4H5ZK15UA0Y5,N,N,N,IIZ3GIHEPGCI6ILM1MBBR69R69WPS1PV4MXIFYC6S,MAJFMTY8AQV8N8AGX5OGT34DUC8PLTJCHFTE,MR333SHNAUGIGMU599O65K5VKIZMOFPRSK24ZT55RIA6ALZ,SMYCK2P913SCUP347B4Z20LEJHGGV89UKXS8VZ3AYGUCIU1,9069763,ADVANCEDSEARCH_18,7713703,SGWS_18,4565745,S,EF75A6TM648VF6RL1S8J2LKWSP,WEUVZD7TTI7VJYTVS2UIOOJDMFO9ZGXOLID5HWCDSP92H3RWXSXS,LTO4G19MN6LAO,DESC_18,F,203842.66,476397.86,9779.05,7089.60,5969.96,480434.05,2256.56,2762.10,3500.02,1916.66,2494.53,488306.03,364907.72,151863.48,9787.88,6328.47,541.13,1RNKKMI8OE,8A9EG7,8M3AVH4C6GTWUZCIPM1S2ONAFOOGNLHBRCOOKFOSH2VG4HJC8
"{""_dataos_run_mapper_id"": ""mock:redshift-inputs""}",K9GFFTHYBEX3NS88F0JEWI6FW76U8UOGWWTM8QNY,6SD0OE,J,QRL2DAOG,0,CUSTOMER_19,1,931129,EP6LG2B1Y76ME48B6S7RB2JD,3MOHK02W64JP7ZSFZP9RP28GTQ,444814.14,299091.4870,466626.48,123970.32,7587112,3433892,2BVDLE6EY1ERTRDM6GBNEBN9M252KI8UHJGJ6N24WF6CY,9ZAPA0DPZO9J9PRFG,EAJNVPYIM1BJ7PIGIE6I1L6OVNQQES2OYX,J,C,Y,6B5JVRTW2PLSLLIY6OMBRJTPFLVV2PJWIUG92DC9TMAKNB3SZCHA9T,ROB43D3WKO6X9PUOXH,FRB6G9AI5MBBJPY4SZ4IACP2V5MZJXOZEE1YBLTYUCNU088C,D2CI2W4H2KS,5050710,ONESOURCEPLUS_19,3599808,PRODUCT_19,4992112,0,3S2QF1VNR1W1F9U8HN5H10UPHKG,BPL5GLHCINUKIW856UVSZROD7A,HZBW2819QQ30UGZPAXQS6A,DESC_19,H,79006.20,98690.61,9460.34,1770.43,6691.00,8816.50,4826.31,3708.91,6341.51,2388.44,703.54,-415337.68,209931.68,-286870.91,1169.79,7207.28,5816.25,VD7L3ZO7445FGWD02E1OO6R1Y7RYW2A1,7A55U3H2AHIA2L7Y8E2YATYXBUGLAT75WOUCQ0MR5S3FWM2UX5S6J0,WWBQPJSDHSM
"{""_dataos_run_mapper_id"": ""mock:redshift-inputs""}",AQ686IVS0,MIRUPO0CPRU3S8ZK9ARD5W7Y6MTOOVE0KK234QR,1,XZICIY6YT3HHUB9ZW1WR3XIOXKUJDZY3DP59HI5NW6JB8K70UOBE0ZT,E,ADVANCEDSEARCH_20,1,601861,GEAI515SPV8GFL8,G4EUNUBCFTO15BE4ENWR6R3SHHKXI2QAYC5YV7RVWMBEG2VPES,9224.37,257048.8058,387001.40,433484.50,1732484,9595903,F7554AYDRT7Q785R,SAIWZNMMTHMWNA5SK01UB1AO0WDTYMZXU,QL8,N,C,A,5JJO0Z10IQAOUFAH9AEZHH6JKCSLH0XG,G6HIYICQYYFZCB5Q2M42V7OX9HKNGZIKP,O8MR5IJDX1TKDTFW3CPHST0Y1FBSH8CYDZD3Y5KXFATZ8SJQR1B8JX0P1,8GT197907YBNERBNPV3FN3PQOI9H2CVCX1L8ZB4MBE52Q,103552,CUSTOMER_20,5261838,ONESOURCEPLUS_20,5818819,E,U7F649KR71VURA1LZUBQ2H1,XYWDW388,FCT2RC,DESC_20,E,490287.69,474172.23,5298.87,697.98,7393.65,441921.45,1722.99,2101.53,3948.97,7000.13,2961.14,202356.88,405677.15,165075.51,4279.70,7549.54,-4742.47,VV9KA5UKES02Z2P,ESU6SINN6J1OA9CSASBAUG4R,1NEBT94CV6
"{""_dataos_run_mapper_id"": ""mock:redshift-inputs""}",SXV0KPI,IMURZUQL51I72OVVSEXOGJIEKXAZHH1DEUHRWKLH,Y,J8W27N26LLJ3MMTRCGWEVWPWQB3ZMIG74OMK09K1FA4HTY3,1,ONESOURCEPLUS_21,170,485122,1GJDXTI0Y7A9QD40NERGA83R697R531X10S18IEB2BYDCSW,A9K4OYN3,36313.47,152284.2902,22327.51,347306.89,4912230,1856135,L0GV1W9L788P4JSPDO4IH9J687SYKYI5S94M2QBAVALZ5,T9ICJP7PNUYS8B4QP6VJG69TPO6A7BZ9Q45,V07KWZ6CDB0EI4G1ZRLSU3SJI9V27NIKSIH,I,0,N,W0VF7KVP7AQCN97H528IOG4P6WF8BE14K7JIBYCIZU16UWD1LHH6N98,95BPU,O5ZT0VS9PTEA696SRHMKQKRWV9LKKF70LYNCP95JN2FYD,RBR0BY8FWATMEB9ELHSS74TK9LCFWUCT8EZVUM2MPB,485905,ONELAKEHOUSE_21,9455030,SGWS_21,7593721,0,A11F5DLSHTNEOY06DHTA3AKQP33OKWR2KMQ,HGEUMMB0E3W5I2H9GUPYEX9EYAH94ROKMYR09FQN9M8DG2KW02XO0JITV,VTKQAXQPYO7M9MJ,DESC_21,1,455776.37,7065.06,9485.98,6638.17,6976.85,402949.13,2987.37,518.45,822.10,3804.78,338.66,238199.88,287368.81,392526.00,8612.14,5789.16,8219.22,OPHXGWQCXBSN32XO8U5JPJ6PQ8Q,L806JD335VO5UMCP5G8VDAR25RGCRFP9KGB0PFWOW92SB2BLUOYD9MQR4XZ6,4E3RV5TP0XILF6VZDAGTWMDYFMPIXFIIBFCMG
"{""_dataos_run_mapper_id"": ""mock:redshift-inputs""}",2WALT7JSKABDANYDXB8LKKG3WASPFE5ZMMAQTKGA,NO9IEU29E245KSH,Y,JHNEHFUI5U6NBC329309JJDIP3DI7Q50QT6C7ZRK,F,CUSTOMER_22,1,173975,X5KD5,V4TFOSJ52FGUFL6J0IBNPNXE6DSDYBRIB3V98Q51QX,119754.15,389139.6371,416304.39,470754.68,3227034,5196746,625DK1WJR3YVUE98QDMWIR673VAT2,Z2YXEUEWI8KF8707VJ7JWSWAVE3WS59BV8NLEGPW9XSZN8YSNRUSQHP111,GIXAK9JHQZWLNEDPVYOAZM86YIF2JCTDVJM5EZGCOAQT,I,F,H,43B6WH8BL241LZU1FD3SH4S58L88TAIELYF,H86,PEII3UYVSZGZ6O7X5KJZ60SZ6LR70AZ95GA6W8J2NXSKITV9YT7,NMGHTKV3JTHR0GN8UBVH1Z11AFOKXYPJ1QY8M0P41G0G3DH,7433581,PRODUCT_22,4128187,CUSTOMER_22,8145023,N,XN8YTQOERO,Z3D07KQ8I9PU3QM3VEDYJMCV,EQ3O4Y15CV8OLHEXRFZGIQK0W7T79OU1ES2N23GXM33U3MAVD8,DESC_22,F,489569.20,94093.31,7191.45,871.65,7206.27,376114.55,1760.35,6595.08,488.79,3325.10,8414.61,284520.65,185177.12,104150.36,4952.18,4561.29,4480.97,1V76GL0COVSBQ8BIDBS5U7GJ7E8NV2YC31EXU,0VWV33W7UFO,EBDFOM3TA23C3QH376CG
"{""_dataos_run_mapper_id"": ""mock:redshift-inputs""}",K5MYEJFLQQ0XC7FKED1DS,BJQKEQDYE4GQEFO1LH979D4IYKR2HME9BJGY5ZYLALA8YBQGK9B8B266KJYZ,S,DYOI0EPJZHHTVLQZ5OMLA57FO6J9DNYK5DUQE,A,PRODUCT_23,1,836601,F0GWV,ZC9XWE72VUI0KA7J74BACGYVLEH1PVGOCN39YW8AD,328574.08,190302.1997,299117.11,343739.31,2840721,7521756,O5BYO812RSJUC60ISYU3DHATH2WYRVQDGNVKERHA1EM03UAZNRLOLQ,QQDK2TENA2F6F8T5NM0SBD25CMDACDTAQ9EAQKAC9YSUF4UWHSB6WFX83L,GP0E1UMNQGHJ,A,1,A,APSSB,0IB4,704KFZIY9PB8ZEVXJ6O1GI,3IKQ4C4SM0M25P8R5J8,5001667,SGWS_23,6890884,ONESOURCEPLUS_23,9312497,1,4H5UNTCVTF61JNTTVESQQSJE0FGM1ZOA6WZT3SJA,I4FN3PVEEFVI2EH3YF,IDO0XJ5V2HWHT42Y3FN5LAWKN6X13Y1S3XK6HH4QF5VD9O02WTW2JTS4SJD,DESC_23,A,447368.34,34312.75,8864.36,5331.32,3704.46,210599.20,1668.90,2690.84,4908.09,7594.22,1518.15,497827.21,331770.64,388850.67,8619.58,3447.29,1938.58,DZ84R1H1B1XUFY5T1RTI0PJAY,2HTCN57YSXASLKYG4RY9Q00WGVUHYURHMAO4I,TPG4G4IYI62V890FLPK5AMWV96316L2IPTGU9UNFIAV7SYLT8J
"{""_dataos_run_mapper_id"": ""mock:redshift-inputs""}",3FH22Q2NT6KF14O1CXDHZXE204TPMA4WV8CIB7L,8M2AYF4UV8ECN9I6SR10S9R68TM9OW834JPOGKAXNY7ZY37QEGFTLY,N,H9JSBL9ALL9B15P9PAFPJ87SOECYM33M98VBSEEWP1A49AI3Z7,I,CUSTOMER_24,1,468288,G0COAJMNXK4L,OXSJMLRQK8S65032K1OAG1H4GABAXGJT1VCTOPZBTZ9749WOFSO7DG,97239.11,475547.6988,-423874.53,483268.84,3706682,4032256,G0H0SXG642HB9X2RVAE870DQICHSPKZDJTI28Q5HG0,NOHVDDUC,7VGQ9JDFMVSVXES709NCWYY,Y,1,I,0EMDD43GD0XMOJ0LOW2N,C6ZF9I54QM6CQ9VX65BWIC5W5F7YUMPN6793Q50BBAAPGKOKZG8EJJ,IJX68JD52STN2UAX4UL3OR87AISR5AC5W,OI0KW024X4CCMTOA2Q0PYOKFLW5XY53OZGHVZ6H5ISU,1624500,SGWS_24,4622446,ONELAKEHOUSE_24,7401584,N,EXGP05OBFB4MMBFILL784N3NIH31ZYC2WSML9N3CKIR28GQVSDYP2JHSVR,VD02Y79G8O7VAUFJA14EIUWDCUH5RL8VNFIJV3B841PC9QVKB,1DQHWRXT0ORV4OFLPQBJSK7TR9KDCJLNJGAOZSNS5G,DESC_24,A,317190.15,53406.53,6044.43,197.20,4773.80,255898.44,3968.04,9060.50,5635.64,3777.30,5881.20,51195.66,225744.25,168247.18,9163.41,5491.32,6370.46,1T0BPSNOZ26XG5H43F7O376FPMXM4SAM0UMZZ7J6SAA5KIKEDMQ5,0TPZ840T49SP1Y9LI1VBEKJ4NHOPLA7,IPS
"{""_dataos_run_mapper_id"": ""mock:redshift-inputs""}",ROL5WOJ8ZS8A9LRNVPLX01QWXOJ16DRQRRA68T,ZJ60FVUCX4P7H3TP34BY433FH2AS7D0ABX95ETY7,C,PJ8EQCJMCOBV2RTU7G0PJC4VDYHIM9,Y,PRODUCT_25,60,160367,SWRNAG041OOBD2Q6GF9948AYT5EFHJRVCVJYK67PEHKI0C9B8GM0EE,KREEV037D54VCI,111250.70,17927.3218,29483.65,42150.26,1672152,8811095,Y24ICWK1OUY3JP2Z3AXQFAUK96Y5CQT881EP05C015V8DA8G5JJ9R0,ZS6O8XT,PV45MY9T3L7XTPE90J9THRYYPDDW203XM5HX1XINZ7VQBQHZQJN,Y,N,J,7CIUV7Y4K754VNTXOVM4QR4XXKKROH880KAJCPSTW73BUL5,IRK7ZTDV6Y5FTVBKIS73IJZT,V2AQEALBMDP3,2QM4ALDIWG16NSPUVL803RQ2W1FJ,4702865,ONESOURCEPLUS_25,6388874,ONELAKEHOUSE_25,1420131,N,HUW1YOZ1MVQKDLAJVCIITA94VS,PULSGP,BIN6V,DESC_25,C,407673.72,301883.77,5631.28,9452.49,-1819.13,138348.28,2186.60,5382.28,4278.66,9490.99,7168.45,296910.58,456418.72,198826.45,3722.72,2246.16,1952.17,1TUAQEOT5PZ0CLS674VX,6P7GK68,HOVEOO5X32VUSWN
"{""_dataos_run_mapper_id"": ""mock:redshift-inputs""}",XZ5WW59E7PP88,600F05CC1LQEG1A893PG8G7RXF7Z2U09COIFCOEIN56RL,S,2ZZDK748Z3SC,1,PRODUCT_26,20,609064,VGGVK100DUG40IBV6064ASX2TXYKE2BZOQ4JOB,IPWE47JERQTBXU0K281IJN,32838.92,64258.6019,459793.78,259857.95,9637818,2289352,H082G02OKZJ0H8B8X2ECYMT7YXRNBOAYV3BRLYFP7KSHG3MSBC42F75T,0UXQ1P31915PLCMDJWCMD83IBB0,O6JBDBYZNKJR7MITRLI7HGZ0QYCDYHT5QP44KAXD5,1,S,F,P9EIXN1GSG6WVHMEKSO580PBZ6VXZ8RP,G3XRCI6EFBTONF2VEYG8AE1NL7I3IUGGPMT,2L4OHLS6XHKDYEDAUIHKLFHD,M3YYJDQZUM9F7RT7EBKFG50KM4KZI1MPGJJ0SQLDHNB,3293553,SGWS_26,8254948,ONESOURCEPLUS_26,4434370,1,MG84HRNXT95H6HVBVTRC9A225S1RWXWF2UW0X0474O3M25O30L8HKU3F,CJOVXNPGXRXMZE,1ZDMJXN8T2329NZXKOVZBY0IKGEHG,DESC_26,N,290889.90,191637.34,7206.22,7860.68,9975.50,-331214.15,8368.27,2948.13,-8948.77,6118.08,2748.21,438546.75,14589.05,315461.79,8034.73,9382.98,103.74,KNISF0NER2JRP8LA1VXKU9ZEK,WPLUW2UNVJNM2MSKU1FOHC,1KURMS
"{""_dataos_run_mapper_id"": ""mock:redshift-inputs""}",ZXHW121HGHD0GI80D0CD8HQ8,5DIX086,F,THCF,A,ADVANCEDSEARCH_27,170,329988,00628PDB9132KNZBNLOORBP81YEZZF9CXUETB5QOAASC1V74G9TX,1QLE6JXXLJ2,165345.03,36922.0694,84638.56,8943.13,5217622,3283063,F0K1EFZSA,1976VELQQ,9QWJOVLK0FNYUZ2DTABDZH7QL9H,Y,J,1,UNC1LHBYXB19H79QX7G2EBTZ6J7WANK9YZSK0XX3,VUTDW5SOMR6DNNUHXM8I9LPAVFBG7L7RSGTUI3,6WZ4DJ6ETVHWO65F0D,119CDB053M1TPZ4SMV7GLKHRIJF8WXNIMTBNXT4P,5907611,CUSTOMER_27,5501114,ONELAKEHOUSE_27,2699353,E,4BESCDIUJSHZ7SY4I6W3C4ECA92QUZFXYSLZGW8DZU21,QK4CLZAI26HJRJPNLV2DWEUS2V6SMJV8T14843,QCOF9QISXOXZLSLHG4O0N4KWGR4PC8SQ8,DESC_27,S,222132.33,163716.27,-3534.42,3312.88,9645.08,453561.00,8337.80,9466.51,42.77,874.95,3047.07,302863.52,-122311.93,497855.51,6626.84,1883.99,7454.16,SBOME9FJZDW7Y8T63,BBRSKRGGKBY1,JPBN74D7WRL2CADU2OELSVEYVQSGUE6I32SLLKI6DXGX
"{""_dataos_run_mapper_id"": ""mock:redshift-inputs""}",E32ROHLR,9H92MMORZYHH4B4PYOKB4AIZT656WBD3VMEE0JTCANTIN4WCP4KE64FG0QP,N,CBIA40V9L2TUG775OQVQ1HGHVY5W5BB8TYDY4MP3V0H6FM9HJSH1ZD6A,Y,CUSTOMER_28,170,443182,K3V5WOU2X2VLWQSFXVO9J3031XQ2XN9W1ZE5SN9U0H9U,8HVTVYGRWKTYYMC3IA56B162ZXMPE8S3QBJ414B7OB9I8O81FC0YDUOYLZR,467900.25,153286.2553,173935.45,166698.41,1657073,4233419,OKU9QZ3E98XJUZFLLTSWRK53CBF3ZAO6YJZR23AJ2,QOVCXC9FYM6FQ5MZK7MWHA9AND8F9,VY7VHRIZ0XQP3CK9KLSXFJVSIZ5WTZ8HGSO8R68,S,N,E,USWV6PKZO5JBORP6XQ6E2O,V5RDM29MDYD9VFBFUYSG4DR5,60YY2SQMA9YQCGVUJH39PYOQ,14O1G5GKIXECVSVDM07IVUDJ59MY52WVPPEGW41YZWJOIDTMK6R0EQWDA,5348992,ADVANCEDSEARCH_28,957220,ONELAKEHOUSE_28,3461352,Y,PG5V195EVSEQTOI3V,F5H70ENQ7E5G9B7Y39YCBOQZFUMSK0VLET922RO2WT7H9BW10,W5YDMVRWPIDF5AIOI73UYDHG6QBN61W6M5ULFD61FQ3HK1,DESC_28,S,220101.05,4989.31,1794.92,3719.58,7292.61,409538.92,5033.18,1620.53,1358.84,4701.44,5537.64,468783.61,377303.73,484425.00,7956.75,4382.96,552.83,DBE43BSK95W9AC7IOP915K48UNNI3W5QXTEPTAX3KSPL9981JJP,9FVZXCR6XSZ7HJ2BAR5WDV10GJOAFGSM4OCPTWOCESGSLHAT52WV,ICS1ASWCS51GZ
"{""_dataos_run_mapper_id"": ""mock:redshift-inputs""}",2UX56BXXM5QPBIWNADZ0F0WBDWT33SX195NMVQPNLNJDPFQF,5PYWA42U5O6KZQF5W4SRKUQ2N0M3UVF0294TJLKHL,Y,PQO,1,ONELAKEHOUSE_29,1,979604,HM7RLTFC2BNOG8ERGNW61ZK56ILJ4TUA7E45UYC8Q8JMA9K2Z2U4,9WQKPC5P42,108171.28,124000.2582,367037.81,27806.67,2926996,3531613,7CWL743SWWJK3EKJ73200I486MNEZ,JVKKMGS9L4,Y5IQAI98VDSWXOB8,N,N,I,17N2T0N1UIM9BF0W80XJO3VQ5U3BYRPNOYC5M0WIOFY16,5BRGFVM0CNKCIA765Y06Y0HERRRM92ETDA7ATBX,9RLMXMHB7QTLYEQRN52K,IQ1KFIM7UGVY19V0K7ZFKPAJ31P2S8,325787,CUSTOMER_29,6814680,CUSTOMER_29,8590392,F,0Z7LFH8GVC1VB,J53GDHHKF8LWSW6YE990QKWUU8J9ZQSBMZW,KFN65BV7W1TE78WUS3L7XYINYDB4XAL43D9VAMLZ,DESC_29,A,494079.16,317475.93,6810.63,5939.66,3421.76,246037.57,6250.87,8903.47,6932.41,2097.68,6793.06,90116.07,319045.79,395486.52,9944.96,4696.85,4464.82,E0VB25S,49W1RH3EJIYDP01GTMSXIOQ49E640SO,PNYT2MHPMQQC8L1UDKGZEHD61S0A4IE4M89SMMEC9UGVTWPD
"{""_dataos_run_mapper_id"": ""mock:redshift-inputs""}",XV1RYIPHGDJ047CNRTU9XNMRU4SIN1VJ,LCIEAQAISHMA0IABP3QI5GXYSDXGZUFDYQJL42TTWPK7GF5MRS7Y56BY6ZHR,1,AR1D6372OV30HDUCK3BK4SJGP09CJ,Y,ONELAKEHOUSE_30,1,99142,5PZ0GMUGV177AD6HPFBEQA6J1YZEGC81WIVPPT56NR8,0CSGEF6BJMH65OSG7AOU,97125.34,138568.9941,269415.59,491366.01,4449546,3509111,W80N7D6JIF5NVXBV,Q9LYA44PKYQOKTZMM709C1SPYB8N5KL7QWJD9CVHTR7OI2BJWFPJTSEC,6EQ1FFIB4VF0XSWV3MP8NYZ736PNPF,C,S,N,LLMOMRSSVDD,871JVAJ1F5VLG858GWC9HT78AGIHP32,FTTZT4XOQUZPFKIYSF,XGA,2623970,PRODUCT_30,6543035,ONELAKEHOUSE_30,6598120,F,1AKDRO3S5EEASA4U1,Q3NVKQ9DKECIS53MN7H0BZR0SIZIKIMK,UE32HDW2PXZJVNHHM6LP3,DESC_30,A,10385.04,260116.05,546.31,5361.14,9969.43,257995.60,8318.86,-8968.13,3284.44,5047.49,4733.04,254292.47,267499.15,485641.21,1422.86,4828.16,7811.43,S04NYEYMVV0KN3M16I7L2Q5JPB9DV4GOKO1YN56O8YDHGW,Y342XAY7KG69YG4KQ3OZ3A6424Z5M6A0AAG77OJM9C4VS2XR8D4L7QP75OJL,REW4DG
"{""_dataos_run_mapper_id"": ""mock:redshift-inputs""}",1C4BF0Y0WZ2SOFQCOKJA9RS9HCTAFIRZ8U7FTK1DONY1TRKQ,1QISNQVXVOT42NAZ8WIYN2P9W,E,JCR5BJPTBVW9QDVS3IXY0RB1LGSR9C51INAHYGAAYVF0,1,CUSTOMER_31,20,364861,5M3L474Q9JRVMZOVIIA,QCVU0VPCW4EF7JXJQAL9W4WBCZ2WF5EJJK8462ARCY1FSGUIFPE38J2B5,212818.59,-246715.2725,239640.19,230147.37,9908658,9400508,AX6AKDPOS8UBCWOUXG6C5PGXSMDSNQ,2VN2QUK5CBI1IA80A50GMHN9N0EGNQK6REC8KLTFKMFNYTFS,7KHXF17TR2I1MVLUMS72TW,E,H,0,U6RTZNPPBW6FPZ960LPOXAZ6CZ8L25CKH,PKHAY2J5M0FAS5AKAPQLV9C2S94D7GQXIRL58ZPUCKT2XNGR2Q,RXZ090IV390T95M27BOS,RMN71JA14NXMMZK6I7MBNWTONMRL6B4WT9H77AQQ2MXTWUN3Q6M99405AO2,3846834,ONESOURCEPLUS_31,3670578,ONELAKEHOUSE_31,9068334,N,8V8UWRFDRDBFL45CNLSOHSQ0R8W2,BIF,OXEOPWNR3PO51LN4DIRTPY0INI4R,DESC_31,J,412021.60,124757.06,9892.18,8792.70,-3025.47,53138.21,7156.90,7424.22,5555.49,6817.35,6867.70,41786.91,451134.32,68097.90,5042.86,9416.23,189.71,O40VF8LPVIGI6ZIAYV99QWMIYINX1OSU9MY4BO6PGKA0K1QULOM6D,6Q19E108HN,1AENE51E1IGHNA29FO73IP203CYEN60O2CN1K3GK1C1PA1H0
"{""_dataos_run_mapper_id"": ""mock:redshift-inputs""}",4T1AENM3WHDVS1VS42IGA9D2QFQSTYRSB2INCJRM0OP3S,6Y7HW7SWH3J64VECXUCF29G54QC0PHQ7WYDOBIV5R,J,QJFUGP,F,CUSTOMER_32,60,160367,SARU3C3BNQKJ1HUGDIY6K5C209TB0JT3UCKRJ7DNZ4O,PZ6G3QA9KPH8G4659O47JW442QYNQVP,401517.46,43652.8826,36158.96,164772.74,777975,9282796,TZX1GSTHTC3ETX4VZNO3MCTY87XQ50IE,TD03VFXMJM8ZSAPHS6C4JE2GIGNXKWTKTA6K829PFMB44MTT2,3H49IZQJBG7CEXSRFC2Q43N0WPKHFMSWQXXE7L571LZ2H7ZDOGKQIY160S,C,H,I,G2KL571A5FM,EWXLUEA2ASSL28BLW5D56HYKTGDGMX69UH23N8SD9R9GS,J31VU2PSZDE96WIEFBJWED6ODCPCGWE5SLTF02UMCP,AXJKKSRLIU5HL19F4KC39AKUOHMIW7R0QMF4TE8QYF4KY,692048,CUSTOMER_32,6492938,CUSTOMER_32,8813131,Y,53EIPZ2KTR5GZDQKLCOX7UBM3C0ZFTUED19IKIH1YWLO95,BMU9BKNCEZ0Y983H50PDSXP4A5WU2B9RF9LU6SGKS,OAQFN1SR6N56,DESC_32,Y,-380932.83,410301.56,-5594.75,8284.58,1623.72,201141.06,2229.42,3372.18,5515.79,3894.02,8875.11,313142.20,135006.81,394706.81,4848.13,645.80,1442.62,P5HKPU0MOHPWPKQO4BA69FXT00TPIPF12PPNJV8OAFZ5YOG6,W97BGMNG51XI3MCRH9IRSPBYZ26Q5BJWJ6SQRA3VTV6SETK8JS1GRD6UG,78P51108PJWCMFRY6FR0O9JPPBCIX8V8OIPVK2LIGWLVC963RTOPQYJS4
"{""_dataos_run_mapper_id"": ""mock:redshift-inputs""}",D9Z5POYKHIRB1ULHS7VPVOG5LQIRMHM89PJNK9VDCUDKC4K63E3ATV5Q7,W6YJH47D88C,0,O6B2QDO49J7MBWVOZ1WOOR4BEOA,N,ONESOURCEPLUS_33,20,802710,PSJIMRLR2365I7Y6J72FH75XQ8Y1AHOJD3N2PEC0OE,S2I9QONQBKANDPUJK27IKUGZZMAUINTQ,271800.17,76262.0375,369846.01,174427.07,6105996,6540211,W5RGKIFQKZZUXV3KPO0OZE8T396N4UH8N4SD1R16XCMUY6UEBD820Z,2OZRCKUCKG1YPW5937435WVPMMIF,FHI9IDMQ5G6SMKZLXUN9A5XCSXAOJQIMFV,N,F,S,WBQXUGKDBHSXZQNCAT7L5J4DJBVQDGJ5TWBF6EKR26CP75D,K558YEZRFQCDR27QMN0O34K7Q,O96P4B6A8RBRIFW9V,VSZV8YJ7Y7IAM194P5ABW529U85YP1U6YDX,3437008,CUSTOMER_33,6081056,ADVANCEDSEARCH_33,3116979,1,M1X5B82GZSD3UG3VAZ751WXUTXRUDYQ7V90I41OT,Z8W3PGOQU,1UBJ3UYDTP,DESC_33,I,421423.56,84257.36,8908.62,2777.43,7124.12,451593.33,3205.09,9392.65,2458.39,7004.60,1580.14,141193.63,140862.93,443676.76,1319.30,3145.11,541.19,BRBE45JJHDJYQZV108JYP2LVOZ8ZH,UO6NXHRFOH,95BJU4V17R3GOS139DIHLI
"{""_dataos_run_mapper_id"": ""mock:redshift-inputs""}",1LE2T9VD5FB9Y,B8A2DE5IFSRCHTKZMSBPDDX4V8WK1I5O6HP9ZN,0,V6KPXQEEQX3WLV4K94Y331RMDECMN56X,A,PRODUCT_34,1,443182,833B7PF6FP4HJ9G71RTA3B6T5XC,9FARKLG1J0RUZ4X00GG6MK3KRFVCZ3X6RCK13BFZ3UP1YOQ3L5HEM19H,410375.14,300797.4456,147671.23,252414.27,6569945,4557380,LXIWH6JCA17RVE1RE,LSD6JD27TZTQGFFS9GMI144TQ1,WCRMRJPOTIUG76MNCED7EPPF359PJST2LN9Q2V5QOA5QZDINUH,I,J,1,P27W0J1QYL5VJOBUWXEWTFQ26HER,5JGFGF24XQ8HUB25WLC9VFO2PTIHUS5LGJN7DS,J1IGZN7KMFMGD9WTWXVFVFU4P9ZQWYSQ99925E84Y8PHIMCI6P5YBF3YS19V,640N5CPB20GTTLEV2201XQCL2REF2QZ9XSDBBOP0RUGSO0AKD795TA6CJ,7510168,SGWS_34,280035,ADVANCEDSEARCH_34,5777621,E,M6VVV8WXT6706SCFMWUQB9E1YTTAX8AQPVFWXB7XEHCA2GM,W2KUC6S30,GX8C6AI1VYOWU94Y5Q,DESC_34,A,480282.42,271373.40,7628.69,6802.01,3016.53,412692.11,5729.58,8779.57,5324.75,4231.09,6299.77,85853.17,87480.88,229253.20,3967.72,6265.30,4879.28,98BJ7J1MNNSJXMDJEO5L3BJ36UPC2O31KK97ML7F4LI72P2BOT7O,RFN1EE0NABJL35Y,6QBT96RSPHQ6PAGTKG42QP6K0VANE4FU
"{""_dataos_run_mapper_id"": ""mock:redshift-inputs""}",UF87SW25NND0MYQO9BWUUWR,PMEQBENSYI589LKMXJZ2JQ25G9,0,64IBZ66KBZBTV,1,ONELAKEHOUSE_35,60,64616,H7O5OR7KSZ98POA6ATOA1EWQHJ0ZR68HG5XCMIF35UC,8PP5G7CK7BX2Y39,128184.79,58777.9324,336937.99,198904.13,5567808,6908959,HDEJD447G,NKT5CQU5GND3P3HDXZSU69OI30OHH54JR1XGTY80SBLMIR6HZ,W3EMMJ2QURUE3TJUN,J,Y,Y,YVZV7SKF6JXIZLNRZ6R63UAW1X2O21,92G64MBT0FG3FGXOL2G8DJ,QVDSL5WBKJZXBT0WG5,BHRIR5TA7JTV7G,5151631,CUSTOMER_35,6583874,SGWS_35,4044012,1,0KKC8CI0HS8NEPBWN00N67775,E385CNM09PDSZGVP4IRGXD3KDSNNIDMQDHYYRJ336JN6WU2T7NS8JSIE,NLXV7H0ERC4CD023E4RPL9GYESMQAM,DESC_35,Y,18088.15,151767.79,3032.19,4019.65,6314.24,348094.98,6176.96,2417.68,3149.92,439.32,5262.45,329236.03,115486.52,396303.44,7553.00,8105.66,2380.31,R7YJ3L07JG91KKS80,K1BY0I6FJSHVMM26X4IE5Q9YV64TG3MOT0RILK5V,9EOYKHP5CEIB6V2L3F8LG
"{""_dataos_run_mapper_id"": ""mock:redshift-inputs""}",F8UWJWCF0WW5EIY1FH3YW1RBN6VLJ8S57KRTEDQ898,FBEH6WJHE3ZYHYPAJHACW0V0BXSXQM29HR2DNUQYZOPA6L8BQDGHWCA,N,RH0F9MBOQ,Y,SGWS_36,170,828425,7S6N8B4LGSWM67MMKRQM8V6Z53JUTV10OSCKVLY9,R28NGRDDSNXF77RWOJUXFS98H3NL73BXUYD05ELCPUB6,94837.50,472893.2411,214528.51,243386.76,6403332,6231113,4VWXQR2L5INULF3S0J93ILT4TFG3XSDWN,MAVVR,WQEC0EDD41LHR158ROFDMJ1DCXXIW0RYZ19M6Y5SYSNSJ22Y07K9NBHFJQ0X,N,N,N,W6NX80DYA223VS9ZO2ADWKT2YL807A3CAK2C4PDWFQNCJUNZ,WS0MF7YT,922Q12ESRRA5F5Z3VIDKFAQJ8Y47RE7D967NQTIF0NEAQXKL5ZRMHS,JFP2QYMJ7ASWKHPWGLNU6HUR9,5226184,ONESOURCEPLUS_36,4399696,PRODUCT_36,637253,Y,08ZZTQQQ80GUMGBONZ3ZI7P7SJWM2YU6,P4U7X62Z3HL,DFKURLR4O9PH70QOD77211UGJ4MIQYUUG29YUQ593JIGCN,DESC_36,1,286073.37,1238.01,2557.52,4911.22,4877.15,132894.80,299.50,2081.54,2884.68,4857.19,9313.07,160595.86,22749.34,-57787.70,3385.55,8717.55,9898.15,SDHK7O04RXYA2VLOPMOZT43W43O991BV2CVYM0I,KTAJ1TE3NDQI2GS62LSHB5RE4TPCX57KDXEHM13,FPD625LE9R8K77J0
"{""_dataos_run_mapper_id"": ""mock:redshift-inputs""}",EF977H8RW2Y7ALKHEARBYQWQOA1AYBS1HJVI6PBUUKVCGO92XP,6Z7L2Q2ITXGP5SM1173U1PCVA9MVSHMDWEY2Q7HQQ,N,7H2CWTAHNJ0ZI4A37N41N971J6Y6J56KMU4G9N0LVX70Z9GD6W5C,Y,PRODUCT_37,20,357644,N0BDYPCLRWJWFI6MCOPUKPT1W,FYG2OO5NMSZ8GY1ADSPEQF7KLIVFHEJBPJOWRGZPP17VA29,341048.57,145785.2746,467427.83,157361.44,1085479,2382847,VNUYSHG72D2208PPKA4G9F65V,2AHGEQS02N16G,P0OMYCYRJB1GONS3VSW3EU9CBD,S,F,I,W2IL2LHU,CB07A82UE0P86M0SP30MFVDX4CW5PZIQA33Z5LXAFTGP,JDQJCAZEQ4M5LPRIQWDU85,KO3TN3YHOWPWTUKM0SZ3VK685JKJRZ356TLQAFL7BZ2K6R0IYIUD8BLQ8TNE,3805596,SGWS_37,4651369,CUSTOMER_37,8252235,I,Q0LA1FQYS43XFPB0TBC54TSXY92I7NSR6MBU7BY5,0Y3KIN51W,KR3OI7U32PMUV5VOY,DESC_37,A,252935.79,355983.35,5185.49,4276.62,6499.46,5248.88,3018.49,7202.60,7598.02,6597.87,3709.13,90935.14,147988.24,275451.27,7429.35,1334.21,6598.84,QA3DV6KLO2GVF47UNUC35SD00D6QZ8E7DZU,3N5QTE48Y4S,1E2MTGFOM7CN24ZZ71A182VHVP5QJ6
"{""_dataos_run_mapper_id"": ""mock:redshift-inputs""}",P2AJ1SJXC5QIQX55Z30L892GKB65L7FU0H6DDOKRHKFV641WPQ8BAOV,LPM8CZSCPK,E,EHKU7222YBHBI5FX58KDV6CCW0S568DC7HP6,E,CUSTOMER_38,20,521801,F9HEPEKYL,4Y1,213095.00,7656.6363,435452.92,315812.11,9380371,2193945,1ZD15O1E1D9,Z6ULR9TKXMROX9P9BDMWPWV9V7L8WC9PRYRGTK84G07QNV1ZHVRC21R8,454GDNEQ0F6KO759CPMC,E,S,0,QWGRQZO3ZOVBELUC8GNL,HR4KPSW1NXHUQGQVBCLCIDJIILOCVWASLRJVIF3,FGEUJL8AMTIRRA6NFJ87DQWEL7L9VHEVHO39JH0IESDN0D8V,5D5PCD8S0EX53T14JZMUCZACD92TNYL2ZSWSRDGPQYLI8QO9I0ZG22E2KN,373319,ONESOURCEPLUS_38,7667563,ADVANCEDSEARCH_38,9019916,C,676M8GD3KX3VR3712A3N45XF2YHPWR53RO83CP,MI5IHTS89F9YZ076O9FCVT8VSG8CLAXF6NA5QSOGJ,0B4FOHYTGW14PN67BHXQM18WDAWDGT7GKTTW,DESC_38,N,134253.79,170209.30,4140.28,3848.91,4874.63,206619.21,7666.05,7477.22,8281.53,403.47,7932.77,290797.92,457033.48,299047.57,902.67,6374.22,3179.23,8F3N,IE3I9L9PT5S3IJDJ5E8WEUMR1LR0MPMEDYG,PRJD9RA6J16X8EPC05CYZWY
"{""_dataos_run_mapper_id"": ""mock:redshift-inputs""}",7WPPR0WXDQ2GGVXKVKEULV5BG0YTT,LIVXWVBDDKTGWY1BVXB9BZ,J,WWU3PV12YG2TG1ZIO55VD66GNBR6QTUJAMIT2KZMBZPJI6QZOV49RAZYU,Y,SGWS_39,60,364861,PS3LPDTWZVHDPLF6KTWMG071JDKZ4STDF4B,J457VEXUIU30J2AS33ADDYGP1H6VO0YWKBM05S,491376.65,141168.0006,252197.94,76240.82,2126152,3587140,K61CY9P64NYCWNWY1KYK,Q483JK656MAIM,1MEGSNIK8U4V51,J,C,F,3VI4RTFGYF42BX55P6CMV42A63PBZF9KT1TA8FBI45PC8DPUUEHVAEPKRPG,IHT4QU60NFF06W835CI,DMA4FLO9UQOEQ268CR6924O76Z,ZHX5AN9TFZETF2BF,4399896,PRODUCT_39,9786624,ONELAKEHOUSE_39,2036348,N,OQ0SOLBL,7LU8Z5NISHZZ,7WNH01C19QLVMD56IODD16IBF0KJ0211A,DESC_39,A,180259.49,448251.94,4628.44,9210.91,143.23,443573.41,2182.14,3626.88,5960.53,-3814.27,4774.14,492223.76,307978.44,288473.84,-3924.49,2295.23,7170.18,5W55P2ZHEPU9P5O3O,5QJZEITJ47D5PCB7L0PYTE3S3,7A33L5C3W4ZOXUACPCFWCN3W4U
"{""_dataos_run_mapper_id"": ""mock:redshift-inputs""}",SH4RC9RL7I2Z26HMUN1LFZ6IHOQIHVAVQM,JB54EF9,J,AMNZ4QB,A,PRODUCT_40,60,679563,X8ZFPX,KDM3AYCN3ZFZ78JY20G1RXV92URB1BRN9G7V,29891.29,87643.7270,244279.73,134607.57,6329782,4487897,X8D9ZHMFKFN185NK87VNME8XOLMJSDUNJJC9NJTT3DZC8THO,XVV,8C1BZ02D6MR4X0N1AX58G3IWIYFL03KHVL9GX21EUO4WLV1FX008A1Z,J,A,E,E6GTKDQR,MW1SZ9VMHK0FNZOKFXIZX4QMIDHAAK0YEY55Q,JCZPAOT6NKN88MQ,RQ2R5,1227432,SGWS_40,1050818,ADVANCEDSEARCH_40,706780,S,EQZMZPDUHSMWIMIN1FOXI,N0HESEBTSFCZYYIVR14TZLI21QKYAJBVGF084J5C7AL5PRFIYDQUW7XAJ,ZEYG5ONIVCCEVP6YRNQ8N2CJTO0X7SJKF8X34K05NLM87QXI6SQLGT8F,DESC_40,F,289898.75,388066.66,3915.98,3723.37,5125.81,80653.10,7675.75,766.50,9434.68,8073.54,2626.50,486473.46,71046.73,317147.43,4508.11,4329.35,334.06,L466QF18Y1S8LVUQGCAVLLLPXRWTHFGYMZ3X36C9ATUM7KVC70SDTNNPON8D,7LB5B8YKDSTKJ4PSQ7IEUERT6ZAFUCDWBBGFQ19DG9UGGFIEX9YR7VQK0O,M89PCNLB64ACNGLHAWLT1DS2LNSQNBLG1T8QNUAPPY7TJZMWZVLG0
"{""_dataos_run_mapper_id"": ""mock:redshift-inputs""}",YGXBDXI1GGMCGTJKF2T,GMMLJFM2RTJCHGPUKYW8YY8P0Q5RL16TQ1QM46O8T74VB2FV0,F,6XP6V7QMQT8GMYZH1G3AVEZY92SEF,Y,PRODUCT_41,170,736567,UQCFID76HLR4ZDXM1U5QNTDGI,A42HYFAW95P,71004.81,295178.8149,222975.49,317266.45,8455949,4814324,679305HIDU0EWAXL5PINZX0DUOAE6LI2UDY5SDFIU,M15W6JQRC1UEE0JYKAMDB0BC99KKPU9TDPT,EIK9MTTG80FI1Z1BR8IOPEM03H9387UJSPHKMXGX,N,Y,H,JBT0CU3IPWLMLZGFI8AS7P4EUJICDUKQVD9L,J9BJ379QRVCVQTWDY7JE0BUJF,NY096YIUPT3USJNNBVU4Q1NP4R19M,E6FF2ZXHVZPNLJUIPIZOJGZ90R82VFGB868KUS3AFG5BOSNQ5OTA,3087157,CUSTOMER_41,3288317,SGWS_41,4468984,E,J81RDN551BNF4DUNDQO190W3FNZK,A23JES8MIXXHP18DNXTXNCFYLJR85JYGPYN2WZ3015433WGP7KNXPNN,6QBEFYKBQ1J,DESC_41,H,276634.91,266587.23,9197.61,5123.93,9276.77,292593.77,4333.83,8577.82,4550.44,315.63,3361.82,307042.70,190580.28,336062.66,8641.02,279.54,1022.06,DAS4ZACV17WFY8G57ZH2LCJEGAVCRRASCBPM1OUETCTHXLMVKJFKAPME2,G2STPZYPB1GOMJWIBOBOH9Z1M5VK4XNIFHWX9MJTJWEQN8BCTLJK1V5X,JYGAOQOJ
"{""_dataos_run_mapper_id"": ""mock:redshift-inputs""}",L93CTE9NWB1610YU6PJ01BX4JN6OTC3IL2F5BW7J8VBNSKN0,NO18KKP8EZBY9S,N,KL5NP8Q413H71H1VWQKYU6T16UIAJ6TZKGMG0C7CDYHEJRXY0ZGXOY13,C,ONESOURCEPLUS_42,20,586184,T5M1D6437GM3QN7YMXDP6BKGVDB853NI3L09X1H8944BPWHBSUU6J47J3,QW3AXN8YOA7IDTSFHOGARML2G9BUQYKPKRKN4N037G6OAJM2S40J49,369019.51,456520.1329,18716.58,235050.26,4407537,6579489,40VB5CV0XW,Z80LDLBWH1M9ZMV0043DPFD6EXHLUH0BUBZCQE7,Z94E3I89SOH1C21GNTFRHEI,S,S,N,BLE2FW2515RTY3XP0EKPFPO87P8OAQ3VRR26EYZD6VB,SAKWJ9CSU2NU7J8L7D7HKOQ2QD4PNSVOHWHR8H4LAXV4UNLL7ZR,6ZBVNBU48IUSJH,2TWOXUDYY3DJ0OVD3,5802102,ONELAKEHOUSE_42,8604861,PRODUCT_42,5945156,F,DAJ,XZ58H2ZAOVS0DIZTLCDGAX9VC1KDS8J0CSI3X6X0CAMQR9UP,I91ERYO6XFLA1ZDYGEYR0PNVKFP7MWPS4B9XBDFAIIAYCH6GRLRYD0IJGU0,DESC_42,Y,241747.95,309544.47,2954.37,5619.97,2938.10,329579.05,8078.86,600.97,4663.20,6378.34,4424.89,260878.13,372561.73,72430.56,4618.01,7100.08,8708.87,G20ELQXSX37IQEQ60O4180MM0BIXC8SVWA8QJRNE2UDYCED7PYW4MJJIX9N,XL622I47FK4JHLWIX6OGVAT632MZ3R986UJ0YME4WB2I,JHK4FWM0J6I1B6C7NTFFRTK7F70AQ2B52FQEI
"{""_dataos_run_mapper_id"": ""mock:redshift-inputs""}",5JWPLH3U0B592J8M245L6JI78V4XJPDURVX,1DL,0,Y7Z8O1BB061LBFASWHWJ4ZTOJFGK3AD8731EOZ28GOGA5YFUZ,N,ONESOURCEPLUS_43,1,987341,CUPALQ6IF92O2UXDWT7C2T2ERR,M95P2VB,-109830.13,314891.1242,270168.80,159644.88,8171601,1411647,4GOGXH,PIELAB9FBYO9B3E14T5O,QHC,0,F,F,LUBXPNRRQAGDTHDKTDQLRKBA4GZ5FOPHDC5CD9C80,F1T0FS8G7IKSONDLRUT4FSILTZDA16TU457EAT3U,0MFD8G6BKCUHLMA5X2OQ0RN4XZ9R43YS3,F9P3WX9CKGJS1RHON3YUEZQI79S9EZHIN9PAL,4268675,ONESOURCEPLUS_43,3136103,CUSTOMER_43,3139141,C,FXXA21LR04JDWNRPMI0Q8HTHV1RMLKI9IFNMJW9,795CGDDVJKPYUYT40AC4TG0ZTJMTBC52EUGLXY,EKVPIKEZMYR7FBT7AFQ8IBP,DESC_43,S,499434.01,91723.82,5482.74,6210.58,8003.21,430836.67,7277.10,6277.91,9817.18,6111.25,9995.30,259295.61,95158.79,8796.85,8963.98,5772.07,5824.36,1YUVZ4CDI2,3E11PBPI2O9X9AFTCHR9WGO4Z2OA0G6AO7LSYS8O1R9I28T7PPF,8DXNB00CA08ZEX99HITYTE49XTGH7CS6KBO6KNRJBE66JKVLBOWC7
"{""_dataos_run_mapper_id"": ""mock:redshift-inputs""}",TS7944EUFTCWW5ASIYUH1TH50BEAG7NI6K,XKE3WKNUMKFLPOT6DUI4HYVNM69FQQV6QRHSBYA0TWBEVVBRK6U0F,0,5DBPZJ5264A,F,ONELAKEHOUSE_44,20,862850,YSMR03JNSIDMNHRLC2TH7YAQQ4Q8X928MUF01LP350V5COYBMU106JZQCJ,91W10EPECU0KXKOY,499602.66,358742.2827,27755.22,122656.05,6499687,4798322,CIOAZOH8AWTZGSUOF4XMKU67UWYHHBWUWUKVR42GJHWQ85KUZDAA,MBIG2TUPNOTJQ,YNJ,A,1,S,SVVFCQMFDS79P5PIAS82N0SOUCJPG5399MD9GIIEIJXYA3,HDION5OZ0FX23IV4EV4USG,SZQI3WR21ACO,I9R621KPWXXSRKZ,7410737,PRODUCT_44,9218964,ADVANCEDSEARCH_44,1728495,F,98R1MGMMZT54SZYV0R,Q2K9F00VPK73CZPF48ACWUR8499840B6HYESYXOC,0K7CBAV2XBL0L8J77FDZ8A8EGGAV,DESC_44,N,118398.81,445341.90,9903.99,657.14,3239.44,274252.58,2728.10,6243.26,2361.56,8370.35,8205.02,78429.42,54431.76,124232.16,7561.71,9431.57,2979.09,ZM46LS1MFYPZWNKFE1J6SCG622HPP76PR1WZ5PU,J6DGL6BVHFVCYI0AVKR4NZL1QRDAZGJ,8BMFZTA1WOYM5422RULB4H3DAXNPCM2RIBGGOIKOOACP
"{""_dataos_run_mapper_id"": ""mock:redshift-inputs""}",KJJY898MRTCY5ZWU4B7XDRQZPOZ5KMSW20DAAHQJISOJ88KP1ID,6478RW88TR1VI39U835FN1QJA28BMDUYL4C0VELTA59UGFU9NYFNAFYKNOFN,C,1Z3PLTLB1CK1W504QX91SPABX4OLMCPFW,1,CUSTOMER_45,20,859105,4DSEUCAESG0K0H73NNTXOIGFHQNJ716VXZ1J,G9K3QEVPI26P48CIU4FG9KJU5V48NTOGGH3VORC48FPA6ZA2P9XUV63U,80189.77,234869.0443,462323.20,426501.39,690617,6575093,BF40AMR61FW4PBELNS2C2LOM8T3TT75NXVZT9VRYJNT6,SEI1FF,273,E,N,E,937E66F9Q,GYF8JDYE,XULM1ZI2TL4GY4SMX2QAHASOM0AZET9YDAQRF4,N03QBATUOP6DITE2NOZUEQAN818Y5F3TZXCI53HAS931AX2TV,4899609,ADVANCEDSEARCH_45,9368058,CUSTOMER_45,8095257,I,48FSEBS2S3J6AA8Z3T9GJKEAIWXCV05IZWNQTJNT6409ZYHDNA6WW90IH0JA,R0W023CQTWWXP6URMJSQ4U1CZEL0SPTHG82ZZTR59YD8FEZ046X,PJM3B132N0AU4AJP3A8NELHW5AQ8TX9LQ0J5OA5MJSHO14NKG2FC8M0IY40,DESC_45,A,30512.91,336499.02,9655.53,6354.96,8279.79,481406.85,5652.13,2148.85,6336.44,5365.51,3171.07,113199.49,468326.41,145954.14,5317.48,6534.09,5193.46,987JZCFK40GN3AGIFXEORV9YTB8ER3AOVU5OXQROZS59U0WD,18L,02092M
"{""_dataos_run_mapper_id"": ""mock:redshift-inputs""}",R6X31GBV0N59FTORTJ9MEV7A,JVYFD61P67KF296SDQKH7BTM71D8BU8HOM0PRUYV,N,YG6XSQ9WKWD2GRXIL,F,ONESOURCEPLUS_46,60,521801,4X6H1RHGXGC06Q7XBWB,WGG8CQ5RCPHTZQ2BTJH3NGBLSU9,-294259.35,55485.8351,140772.07,343648.97,3846673,853579,6KDITT3D3YQ05U4K68XO0AJ37Y06ONPXNTZ,FDN6V0MXK,WIRCEXR,F,F,N,JK8,E56IAGMYPSO2CM0LFPG26SNYP4OOVQMHQ,0N1MXXCFGMJ4I2OLJ4KD30463J2PWREWW,TDAD76O36P5DCUAA7QXEIFKIALHXEM1ZEO6QNWKJ,6379943,ADVANCEDSEARCH_46,7138225,ONELAKEHOUSE_46,5108177,0,KI1VZW4R2PEV8O7W4DXEVCAIADCME0FSEL15YZPFEV,6FONBC6IEQWL1TEVU,P74QEBT80AOVM7UP6PCNNDCKSTY4IPRRDDKD3ENLSFISOI9LE7Z26,DESC_46,S,339225.00,435025.74,3700.14,-9472.53,9998.61,-347896.58,523.71,8937.10,2788.07,7141.21,7381.74,-324537.79,2905.17,256887.58,3488.06,4290.66,6028.67,85UQ1M466RUZHLETVXYH9KFM7WVPOGM5T8FU1PFDQFDTQ96XOP4,KZWD0FTF1N08X0OYAZZ0MJWRSST5O5VDFF053L1AU,PZHVOSO39DSNRC6V2X2GPJ16WV138NWP
"{""_dataos_run_mapper_id"": ""mock:redshift-inputs""}",WYTXKXUNGCPT5TNGC1UJ526UJ3AFPEXP8Y5IV8LIC9BKSPYIHSDKO834QTG,NALSYD790L46VJJWNAIOG4HFRGHH7DLU4VIGOJD6RNUAJTT9AB6U3YXRWJ,I,KY0P8GEFV492KNSYD7IWPM8F0ZVEDJBWZB458LHYOYVORNM,S,CUSTOMER_47,20,697414,LNNF0R5TS3LS0NFZ76U7I,M7GX09IU5BTT0DBMRXX5V6GBAYFJLN,213696.54,182144.6044,425312.36,180232.80,6264850,9405575,68F50A6DMO22WLCNO8OKB5QTUQ607G1446G511CN,963FF41SF0AYGFRUV8381OS5EBB,JZAWANDLZE1J8NKXZWUGODCD075R8GIHSPPUADO50WK94QCUCV,N,S,I,A9ZGFD4LV5QZMP3DKV16SKIAQHIIZ3RY3OBISZ,1JIFJEXTOU14GWG7VKDD3CJPWD,W5O9HHDJ0VJSVZ61730MV6IGA4MO,F2959WKZN4RP6D8KV6JM3SZJOV15QO3DTTVV8RDDOSD,44742,ONESOURCEPLUS_47,3739406,ONESOURCEPLUS_47,3845559,H,QBS4GS2PW68V5MMR65G99KTNO7HS6GHTC2F6KDV1O1X,KU3O06XRI52I95XK,SPDSW8ZQ,DESC_47,A,224064.63,35807.82,8871.27,4960.75,6657.53,130544.76,4535.66,7626.13,7812.14,7618.34,7341.16,233610.41,51572.76,372659.59,2310.93,1077.38,2447.24,1TSH0,3US1J4Z7ZIGP9762AUMHCJACOCKZQT8K9HS0XODUVIU3U6KQYCRSD6S9M25,DC3LX1HQU67HOGTK6LU4V4VMUJ3JLFVCMEBF33QIHXQPWGRMAW7RSABXQL6
"{""_dataos_run_mapper_id"": ""mock:redshift-inputs""}",MRMV1GPYU8AZEH69WM27CADP5DX8JJGF8ZI,4YP80Q19X2K6,0,1CQVM3K8SBL4X11M2761MT9HKDVIWGBKVEDPV0W,E,ONELAKEHOUSE_48,20,439433,U6OZIKVWU7VMPCGLDT58FMCRRIDFGL0LZ9O4FQ,95PK8BWHRAQXOLE3E2PXWSUI8TU5QNA14WZWNFXWFXKL1GOVYMBN2KGM1X41,374008.11,426441.3482,193813.27,376325.58,1887544,3303776,8G2VILUOOKW5IC4ECGASORMO61JIPBSPE1DSTKI4M42DJ5WAUALOEU,KIRQB1VTVWCWBFSJ87GSDD046TVAINQHMJ6,THK1M51VUZ7514TSF45YU9,S,S,S,IEM2FMOI3ASM2OATS37O,NHZ8XUP6SP,AWXJ524OLSNY4HSTYPY798BPQB1CEEI1L8,NLFSZTD2U3PEHS9GKYIP29F35KZGQPRVJP1FE3LO81GDP290SU49EYPVMF,3012295,SGWS_48,5054866,ONELAKEHOUSE_48,4602722,0,CCHCLIGB0147U5TXN7YFUDWE87FTSTNWRBREZ0LYXHGHK,C0Q82CJX3NDCEC16N2GAQBZL2EEOCNEWYR8JK95LEBZG,5DED79U9U0L96JZX,DESC_48,E,389293.37,263315.21,8515.85,1776.32,4384.67,22694.96,5762.23,7330.72,6927.32,3765.98,3896.50,49592.86,69999.94,301311.51,8206.07,9347.45,1773.47,CMVMOHZ,95M98RYDPMO5,AWU4PGT8U5EM2ON4GKV0PME8BXO7VGX558WAA
"{""_dataos_run_mapper_id"": ""mock:redshift-inputs""}",RP25ZPJC4RIOV3J7TX8AXWQ4,U9A97JIZ9QN7LAZ7UU3RTHAXH68A9,S,WRO,0,PRODUCT_49,170,919005,WMLTFLV3TL237LUH43LC2836S6Q2H0ZW5KJXSGSXWR0Q,ZT6K4IZYZZ6FG9QJO0HVD4DH01JESZFS3I59C1TVXFKE9PR65PS5P,123078.41,54064.0835,109376.73,74104.06,176704,786394,I7MECVAA1GTDE,UHFZN1O1V6RDIOMU69VB4CF84LM,3P6V7OQLXD2NW4TT0Z58P4,I,0,N,5KGR7ZLENVDTXI0AC3GO55UWOVCHYB4FUA5WAETJA,MUISJX3US0M,VZRR7JKSZM4QZN9GI6KQEB36B9MSPIG5QABW336HDL742ES,F7FD1E,6523534,ADVANCEDSEARCH_49,1952032,CUSTOMER_49,8498333,J,797EWWH1WJQZF0,EXQQF6ECBQFN5A3DC3VLH1URRXAGO3QL3IZPHE475UMMMNA,DM9WGJUFXG5XW3ZSA9GNQC4R6WQIRJNUM0562OHW3LDRL8VP0J7ABP7AJT9E,DESC_49,F,172547.51,31263.84,5318.07,160.15,725.13,-365659.09,65.07,2112.12,928.25,2198.24,2988.57,363742.61,361890.11,201827.86,8008.65,3504.97,9759.95,KCZJMIH4G69TSKGJ83POPLIVC6BQ9PZ7RK7TVCKFDNT,8AXA66E4A01NQWQ7USHQV9F5FFWLP316Z4BBU4MH4Y,5Z9LWMWCK7OBR
"{""_dataos_run_mapper_id"": ""mock:redshift-inputs""}",N9N2WSQBL5ZJG7UW6XTNDENINWE125BLYVJD839G2MF14CR2TZN0D785,9ZKLWGCI9TXLCEKXJ4Q8L71ET20YZZB93OI6QG647,N,ESE3B9Y5VSVCYMSDL4Z4KN4GWC68OD8AH5VB2GMQXGEWR8AF3UU72NU,S,ONESOURCEPLUS_50,60,802710,DM904I4KOIMC2U,56Y4V37VLOH,187109.62,176443.9704,58135.92,134309.35,9055578,3942480,SJBRVKB3I43BY8F0GIT07CAXEBKMODZE5DHQCFXVD2IT3APMBS2I,YQPDTHYBKKZIYYCFZ77JARZ4DR1F8BBPJ7BBFU1P5L86A,34E3ZVC9WIHRA47348OTS6IHOWQIMLIOLTRGK8CAYZKDIOSNO8G,H,I,A,HBCFI07IWGFJONPTSJX1QYW2TMWSANGXBO15G1V,BXCKQMCKQFV0I8SJUC16U6721T7X57LAHW8G8RFG5NI,YZ16,5SGAZGX94U7U9TBMJ287V8VN8E,856150,PRODUCT_50,1857188,SGWS_50,8075105,Y,M3O,ZLUO995O0ZH5EGURIPWPP8RAMUG80DI48146SQYWTQEZU,INWDGD5B6O4LCMAXX7H6JWO0K0GDKD9CVGEW,DESC_50,I,11282.59,97520.09,8996.79,8144.51,8085.56,-488440.53,4212.56,2457.09,8107.97,7605.25,3887.84,202693.41,272840.80,476104.22,670.77,5752.66,129.55,9DLOXOC68LKWXM0JM89W42RWWI8OIR,NNXHHA6TQ611GSCLTW4UOFZ69WADV567BHRYWJZ5N0UM,06HLW
"{""_dataos_run_mapper_id"": ""mock:redshift-inputs""}",JHTBWWKQIARTSV17ZSW9BKK1RMNG13P5HC055FN,CXX4VNTSRN2C9JCGV3,S,BMOTAYGDTD5HRA2QOS2L968V9L6YJKFUB21YEHO9,F,ONESOURCEPLUS_51,170,485122,V8G2CEQ9J5SH4S1V87R1FISCC767CQIERV40OFRUJ9WHOT4REMX,YXTRDWYLZ3B66,155713.83,445051.4021,34987.47,-207208.94,5311896,7353746,E477ZIFOQJJEUTRQM9ZQ,NYXOYZKAJTH6RKOAEW,FMRK2ET85R8E0JOEI4TUJM1QMZNO5L,H,N,A,WZDUNIHUVQAZZAZI0IC230LFOY,AGU55NPQJ80TNWG8PIRRMZ,K4NICUQ1GUL9RVHPF6VNNJY4D5D94AEQKI12YO,PV253BKN4PZXTT8N6KXQRRAIDRB2FPAUGZF79D10JWUW5TLTULJ8,9329785,SGWS_51,4751697,ONELAKEHOUSE_51,6934401,N,CSBK67IEFM9K0UJ8YQ4WDLO39EECVWKKWN1EPC,AII8EBPXGR1FVPIJH2IU9IJCJ15XBB0XQ59JNH4SN0T1J,C3O8CJ882PFFUT5PQ5Y95HHWZYR6H52K17STO,DESC_51,H,127586.63,123908.31,1705.01,6007.81,7154.20,414993.24,9228.44,83.44,9562.96,-3872.72,399.49,169864.72,-441045.72,97758.80,776.94,4191.96,2688.02,65EYCB53VTIAAX985XK84PZUDJOC3U9BVO,742,ZYMR6TAX0VMK81
"{""_dataos_run_mapper_id"": ""mock:redshift-inputs""}",TB47K7WJ48CC,I61078XN8NBEE7TFME3YHV6JTVY8QP206Y,1,8ZYUFQ6VVR,S,ONELAKEHOUSE_52,1,62818,BFVPX4SVS7MRX62GV1QH7ZQRDADJ9GGMLZW93LI8C4XY7FF2FZXQXJ,8KHVQGRALAFE8SCSR55XE2S5LQFT63W,268086.85,-173837.7667,126417.58,239217.56,4682795,1607770,QUOJR8MK7QD7UW8XYS1,0FJ9JOZ23TLR4JEHGH1GZW4W8QUTSE0EFK88UK1N,U89H3BQWQOBGB1QQ9XIYQROBMZ9ZW,N,N,J,61MWFCPNS8MM146MSNK221S,R6VES3Z,10T1F7N769T9UDWIW9XJXC8P04PHB2UPQ,86XCVLTD2NMF26AXM2S8QDR1,8420973,ONELAKEHOUSE_52,23297,ADVANCEDSEARCH_52,2439998,J,2X1GRVFYW3NE6SYOSMG4WZJYKL78WCWY,VNJWUA6TMY28C9J7GMTL8DKXU,1SOSOCYWOP7S3U607Q69FD98RH7YKTHH,DESC_52,H,458517.98,62607.91,8593.99,8373.98,7811.33,38519.69,3626.10,611.03,-4442.10,-6692.48,1706.50,174654.77,35325.21,180778.44,4656.94,2202.24,4867.49,5ZIAVNSFGTFLPG7,GKNCDA5BI2DGD6JKHE,HZBX9C4HWEWDS8CY30I3LS43IXSXDY2H1JN1N7OP
"{""_dataos_run_mapper_id"": ""mock:redshift-inputs""}",ZQKJI2Q77EN,JLK1T7,1,90I9N05X4LVQN4BEW9CEE1VPQC7G2WESAHSQLF8,E,PRODUCT_53,60,373731,CVOMFBQWG5YUII8U5LSX4DNQFW0X6C7V5ERSWSO9HU,SO7SPHNL8NAGJLBTDLAY8Z764YXS4M77IVKD,20740.15,219095.7502,441967.50,497339.53,8394591,8828932,1VT34ZOESIIE8L,VKUBPPB,EQEHJ9KQG90DR2IMJ9QONMI6J2HY6,H,F,0,OK0FX9M,WJU3R4ABD9O7ILTFIFBAVSCE5A377O4IX7KUPJ9NRXLYI3V,LJ9Z3U9M3IR2LUWE7R6BXVWOH7NS0K1AWSU017SSI369GM08R37FUVJS9,YDP70D6ND4ORZ89NV45M90V7ANR0ICV002QK2W1,9661155,ONELAKEHOUSE_53,5062249,ONESOURCEPLUS_53,278363,S,D4ERLPE6J8GXN0R8E071IW35POX5Z75KJ2NDE37SYX87T,8ZLMJELCEN05CCBTWQJUABMJLPS7DU9R6CX7PWYAE1V,F3PDKRK1F21J,DESC_53,H,274378.58,172586.13,800.67,5115.70,8834.88,11378.13,7052.62,-2835.29,8570.45,6523.20,4769.48,133113.97,467296.60,338769.03,8074.10,5672.48,9866.85,F145SA9J6HO31CXJEPPDTFXW347Y9QY8VUDL4QK2OX062WLR,OJUAHEC8AQW22Z4YWP4CQG831CXJ3WCWSWORRO7U9O7OFQYBRL547EPEA,HWTPAJX
"{""_dataos_run_mapper_id"": ""mock:redshift-inputs""}",Z7YXVIHV5XO4V9XQDINDTR7HU5WG2FRPNOLDCUCDTJGL17,K9JRN9BL024TV3QKBB9XC5GG98QIFBW4H1D7PGBMDSZ,Y,AV3GK,Y,ONELAKEHOUSE_54,170,439433,GRRZW2ICG7G070XB9MOOBCZO49WTZV9OAQ1HEVJZPW4W6G,ZTR,432994.25,316020.2460,286174.59,99823.05,2767262,2644206,A9LDTTOMKSZVPIGPTLEWPR40MPSOK4EJR,04FYUUITUG3WSRWLHWFKRUJNID76CWKH66QHQ0I5B93,LMM,E,N,H,GXG4NUHP36KTXSNVW83UMZTVM5LVWPS,8B9R3GXDK5RP8TMOFDK3JY5,CO997SXLMM9UO3TU71XQ,LNQG8GX618TV5GXKJPAKOFJDD6HYD3LEE56YI5BDB8368LQJW4OPLS5VW9,3491019,ONELAKEHOUSE_54,6818552,SGWS_54,4241920,A,L68T4UV7C1YHMSZP73LD5LTLEAI6BEWIK15A4QJFN1A6ZGRYVQL5,BPK6,E2RCC6E1OIGZH4BAN29U65M92RUWMU4ZJVEF08TI,DESC_54,E,11375.76,201395.66,1099.11,7801.84,8380.15,86850.10,176.44,3576.09,6086.51,-7320.38,2379.37,47758.82,372177.15,316778.61,1515.27,3671.62,9149.04,H2T1JR2CW6X6TQO,UXIQBE5RARG7DSZS9L97W591FUH,HRR0TZ0Z
"{""_dataos_run_mapper_id"": ""mock:redshift-inputs""}",35C6VP7PJYQGML,0XY0A6AUGVDLE781KP69AU8FQU2ZO3FD5RTAPL651S72A3CZFRQ7X,H,7XIATNFPX7IO3ME9K851BY06II9H4PP1TACE9P1UMI8ZHJGHC29VRQV5XCL,Y,ONESOURCEPLUS_55,1,624241,VM1GG5ZRPP39AX02M8QT1J10AT6NHRIV7CXG5MMIH8ETU,GKYEWYXCN5B9WLICCJMYW1U6DZ4X4,64690.45,311596.5306,-209959.55,351650.09,1161083,2850057,VBDGY0S0ANGNB35SXJ7Q45X9KMM0W6TMTA2HSXP9QFFYURREIYA595EXN3LF,XQIBD5POS,WQPUUZCK2,0,N,1,HEA3EIMKNVW7PA61K7FN,GUH4VNMCWNZZVBDYLB3JSSZ98M4K0FZY0SP3T8G0,WCINKQC1SV58TTBE1F9PUCJUVR7T4LXCUD2WL,8QCRIBYJ35O51IVZZXV6YDUHJRFD8GIPPPI4L1FZVGUP6BG4DYBILLEHT2,5290233,SGWS_55,7625546,SGWS_55,6037416,N,1OUB4D2MQGR8VEOUIVV8GAK5QQ8M5OH,EED9G1RVKMWICP1MIURJ30I464S9V3WYKY61LHLAPG6A9W8XRQU8C,34NSVBP8COFH9SRO3ZEJ8DAZLME7,DESC_55,0,253850.69,270621.86,-2590.97,5847.84,4955.95,217496.59,2403.50,677.67,5878.27,3634.09,9279.62,-314109.02,17570.40,366142.10,8443.50,8126.94,4484.49,WEYUT7BIXY,XVPFFW0ZPL4PVCMTWLLREEF8AGT1CZ4,OKJTMFWDI6TE6Q1TS21AYKD8JQMBDNMDQ6X
"{""_dataos_run_mapper_id"": ""mock:redshift-inputs""}",MFPA2XC0HJ,GTHFST1R8BD,1,5M6KUHX4YU26CGTBPOZE1QDP9G905MOUP9RLNF4KG6CHJ2IVBI2ZYGL7P,H,SGWS_56,20,368188,82AIEN0YZISH087EZ09N7GRF5HM3DRX,BPA10DE6X00EI02D,3961.38,473415.2792,461227.60,347749.43,6940201,285172,QQBNKRERC9AHS6GBT,HZJO93X01SPJUA2S61,3TMFRT4Z9OFYNCGWFE9T6QVHBYUS1RNYBH6FM1M1,S,S,N,D8G54C8C9S7CJFRVAN625MGJZ8UXL95EA1QNUHID3Z2ID60UZB5DAP20RZCC,IU34BACFHKU6Z,V4KKSVP5RK8NAXZ0OQ7OB53M5J,XFLKSLRVJHK7WUWO1YC8BO0OLNYQIIAC701ENWZV5RCF7V4M0S,7562354,ONELAKEHOUSE_56,2266827,ONELAKEHOUSE_56,2876401,I,AOOYHDMH70CXTA0QYX1BP163YKE9,Q4893A3VBWK78RRT5DE0RHO135TYOAU1PGB5N8GNM202R7MW6UALJ7A,VCLQQX6TSUULSVD7XB5BGZLY7DR7IT4FW9N6GO91E0UV,DESC_56,J,-270378.44,498108.34,2394.53,1670.70,3723.93,293571.40,6331.08,-6132.65,6429.52,2228.57,3725.00,439732.57,278865.27,244735.93,6479.76,7692.66,5318.56,EQX7YDXDK1H8BB2OWWZKBLTZDTENOE8VX0J3GF1Z5PVMAGJ7F2NVANNAR1L,60IJWIO5DJQY6P9V55TIVK4Z747N4DBB817WUULQRE,KKL27IBR8CN8HZZ7LPVVB36KJKM60DSYZKNP
"{""_dataos_run_mapper_id"": ""mock:redshift-inputs""}",3NK0UMWIYJBD3RXCC6V66UPGLXQ,H1PR6MRR5FKXKGSZH5CW0UT0UPZKHILCBCT174JHJAE7255XX7IBEIB,S,N0SGK8JZXO6PXJEKLS5IJWEP222L35Z2GZBPTICK2H8,N,ADVANCEDSEARCH_57,170,73103,UB1AQC4KZSFY0J67SFK6WFYV,HW2WL0917B9WAF5HRLD27P8RP,241323.06,80127.7171,192251.06,255301.98,7531443,9588788,WDEP3CA2FSZOLPASL3AJUFBR6HCBHLOZEHCPNKGURL7FGJULIYLVYGLT,ARN9H3OT0IE2RZTW51DU810JI5O1VUKW0BSM6UCDZLAHLW,QI7T0S9VUJSFWM8N1DTVCR1R83VD1EVVJZBCBX1ITCNLSVRRB1,N,S,A,JVYXWCQCPXP80WKMFRP08P904ODS7RVQ8VBY26TSD202IJH,R2KHH7D94M7S81L9P9JRFJ5P3ZC9,EUHL5FW8TXWKWL,PUZJHBTAH5NQKTRBPM88DOB2OLOTKVZ03QMQ3,911172,CUSTOMER_57,2204365,ADVANCEDSEARCH_57,6012231,N,QHIQ9MSKWJ,2512OIU,E17GSZKD5K8JBWPOE9OTBOJWO91S99REKO9IE4PJYFS9UU9L,DESC_57,H,76422.85,333337.29,9879.62,7136.25,5944.38,350848.00,6666.70,4835.93,5068.31,7203.33,3688.64,115892.74,158035.48,32702.39,8306.68,7523.85,83.56,V8SJTJ,YNJGSVCS503DPVN,BHWPHTEJ1OKWGMNHZHC3
"{""_dataos_run_mapper_id"": ""mock:redshift-inputs""}",H8G7KX6DMD7UBOIWBUGMQPN0OXML547D4SHRHUAE1VUUF,LMRQHM33OQE1LEALO98V0R28F3W4GIDLFB16BV79VFT5RV8PTT8,S,MY7GPD6LQ8OJIBCR2GQW5757TWSNZ1JJXURR7H,C,PRODUCT_58,1,607020,A8PTK01PI7WLFN59,1RYYAEWJNDKSNTS9Q8BCB192UBOOY9X6HEGHIVSIE5SG89N70,46635.31,393550.3192,143158.30,63321.56,2315488,7610273,1POOJ5PE6AIAWYK0AOR9QNKWT4556,ZU2LKRZNATL82H1RGB2MCGL3,63YUPHXXP4CAVUW5HY11K0ZYX,0,E,C,R4ZUKS7,VO2QNMMPDK6DZIPUB3117HBEAZRI1669EA4H2FQE2NIQRSNH,R3ECQV7S0G44M6STQJ3JOHGUMLWIW9EMGJGCATR,5VRE4V8GY,2980363,CUSTOMER_58,4487651,ADVANCEDSEARCH_58,7177743,H,V4J2FR5DO,L1QH006CUFC3LYAEEYP0C3IF4Y0GJFQAV3YNH1MWKVBY272LRLZ6ZB,06BZS8ID2DQGYJQDPSZCQDXHFDTINC82,DESC_58,Y,292315.32,475746.28,5618.54,1609.81,4571.80,320958.53,6060.52,9151.09,8110.35,372.11,6850.51,210652.58,123138.84,159010.77,9780.00,9340.04,1502.83,A092JKAIPDUFEE7VO71FYDBT,SKQMU8MYIFIFKK2VG2BHR978KVGRAI5WPD0VFKCE9KCZPMPHZNWOT5BA3F,1OTBXFUNRXZPI
"{""_dataos_run_mapper_id"": ""mock:redshift-inputs""}",PQF9LKN6FP0HM2K,I526VYSQ0136WGA,1,O6LS9IS7VX2Z,H,ONESOURCEPLUS_59,170,518674,5PZQ11VMMFWFCHUYS6IICFMLNT045FWT0BKSKXZVTZV6D7XR,VCJNP4QZ7LCKDUBEBD,55259.95,-75736.0540,125860.15,471917.77,7427323,6544605,Y6X0PKN,SNKL1AYGOVG4COWKP32VJUPT3AYEHI7RUDM,6MO5JW2TWGEHNOVAW1F60DOCCVFJA022NMW4K4TOAC7KKR2H5QRZ4,J,1,F,WO0JTNO3SKET4BMTYLRTR7YR,ZSVXJNUFV1FFXOT88688FP56AK06I4,MORFEP4TSJ1OBJL0POKEZ3G6DLOHEE,ERTBP8S59ETF8C2O9OQIGIODGUV45GM25I5RFYTIJUMFRY76A5,5646889,ADVANCEDSEARCH_59,7910233,PRODUCT_59,8819992,0,1SBLZB9VETYW305JLZA8FKOX07XX5G865G1ZHIQWC66ZOJFCH2RMRU4,VMTH2YCD01JZR8CUUVZAG5KD3VBG7S7HY1L9NGR3G22BQ9HOT10UNQ46T,QW6POUZ7V4CXVBTFVYBHX0RHEWZZUQ7DGC2GKRF6UTSLK12TX52EX8ZV,DESC_59,N,62154.78,274354.60,4315.52,7795.53,8463.63,171228.37,9475.45,9376.89,4291.63,1361.49,2975.99,54049.99,447269.88,-113113.78,4710.65,8919.36,5735.66,5WZ1A2DXKRQ30FNSICFIM1M88WO720O88LDEUGBEP8FCMO98,5YCZSVMQ6CNU3G5PC8V,HSZL8X8EVF3HVCJC1VIZ2GTBHN5POHOW5AD801BSJT6W
